keyword,time,value,precision,partial
asselineau,2016-11-01,1.9000000000000001,lapin,
asselineau,2016-11-02,1.1875,lapin,
asselineau,2016-11-03,0.47500000000000003,lapin,
asselineau,2016-11-04,0.7125,lapin,
asselineau,2016-11-05,0.9500000000000001,lapin,
asselineau,2016-11-06,1.425,lapin,
asselineau,2016-11-07,1.1875,lapin,
asselineau,2016-11-08,0.7125,lapin,
asselineau,2016-11-09,1.9000000000000001,lapin,
asselineau,2016-11-10,1.1875,lapin,
asselineau,2016-11-11,0.9500000000000001,lapin,
asselineau,2016-11-12,1.6625,lapin,
asselineau,2016-11-13,0.7125,lapin,
asselineau,2016-11-14,0.9500000000000001,lapin,
asselineau,2016-11-15,1.1875,lapin,
asselineau,2016-11-16,1.425,lapin,
asselineau,2016-11-17,1.1875,lapin,
asselineau,2016-11-18,0.9500000000000001,lapin,
asselineau,2016-11-19,1.1875,lapin,
asselineau,2016-11-20,0.9500000000000001,lapin,
asselineau,2016-11-21,0.9500000000000001,lapin,
asselineau,2016-11-22,1.1875,lapin,
asselineau,2016-11-23,0.9500000000000001,lapin,
asselineau,2016-11-24,1.425,lapin,
asselineau,2016-11-25,0.7125,lapin,
asselineau,2016-11-26,1.6625,lapin,
asselineau,2016-11-27,1.1875,lapin,
asselineau,2016-11-28,0.47500000000000003,lapin,
asselineau,2016-11-29,1.425,lapin,
asselineau,2016-11-30,0.9500000000000001,lapin,
asselineau,2016-12-01,1.1875,lapin,
asselineau,2016-12-02,1.425,lapin,
asselineau,2016-12-03,1.1875,lapin,
asselineau,2016-12-04,0.47500000000000003,lapin,
asselineau,2016-12-05,0.9500000000000001,lapin,
asselineau,2016-12-06,1.425,lapin,
asselineau,2016-12-07,0.9500000000000001,lapin,
asselineau,2016-12-08,0.7125,lapin,
asselineau,2016-12-09,0.9500000000000001,lapin,
asselineau,2016-12-10,0.9500000000000001,lapin,
asselineau,2016-12-11,1.1875,lapin,
asselineau,2016-12-12,0.7125,lapin,
asselineau,2016-12-13,1.1875,lapin,
asselineau,2016-12-14,1.1875,lapin,
asselineau,2016-12-15,1.1875,lapin,
asselineau,2016-12-16,1.425,lapin,
asselineau,2016-12-17,1.425,lapin,
asselineau,2016-12-18,0.47500000000000003,lapin,
asselineau,2016-12-19,0.7125,lapin,
asselineau,2016-12-20,0.9500000000000001,lapin,
asselineau,2016-12-21,1.1875,lapin,
asselineau,2016-12-22,1.1875,lapin,
asselineau,2016-12-23,0.9500000000000001,lapin,
asselineau,2016-12-24,1.1875,lapin,
asselineau,2016-12-25,0.9500000000000001,lapin,
asselineau,2016-12-26,1.6625,lapin,
asselineau,2016-12-27,0.7125,lapin,
asselineau,2016-12-28,0.9500000000000001,lapin,
asselineau,2016-12-29,0.7125,lapin,
asselineau,2016-12-30,1.425,lapin,
asselineau,2016-12-31,1.425,lapin,
asselineau,2017-01-01,1.425,lapin,
asselineau,2017-01-02,0.7125,lapin,
asselineau,2017-01-03,0.9500000000000001,lapin,
asselineau,2017-01-04,0.9500000000000001,lapin,
asselineau,2017-01-05,1.1875,lapin,
asselineau,2017-01-06,1.425,lapin,
asselineau,2017-01-07,0.9500000000000001,lapin,
asselineau,2017-01-08,1.1875,lapin,
asselineau,2017-01-09,0.9500000000000001,lapin,
asselineau,2017-01-10,0.7125,lapin,
asselineau,2017-01-11,0.9500000000000001,lapin,
asselineau,2017-01-12,0.9500000000000001,lapin,
asselineau,2017-01-13,1.425,lapin,
asselineau,2017-01-14,2.375,lapin,
asselineau,2017-01-15,1.1875,lapin,
asselineau,2017-01-16,0.7125,lapin,
asselineau,2017-01-17,2.1375,lapin,
asselineau,2017-01-18,1.1875,lapin,
asselineau,2017-01-19,1.6625,lapin,
asselineau,2017-01-20,0.9500000000000001,lapin,
asselineau,2017-01-21,1.425,lapin,
asselineau,2017-01-22,0.9500000000000001,lapin,
asselineau,2017-01-23,0.47500000000000003,lapin,
asselineau,2017-01-24,0.47500000000000003,lapin,
asselineau,2017-01-25,1.1875,lapin,
asselineau,2017-01-26,1.9000000000000001,lapin,
asselineau,2017-01-27,1.425,lapin,
asselineau,2017-01-28,1.1875,lapin,
asselineau,2017-01-29,1.6625,lapin,
asselineau,2017-01-30,1.425,lapin,
asselineau,2017-01-31,1.425,lapin,
asselineau,2017-02-01,1.1875,lapin,
asselineau,2017-02-02,0.9500000000000001,lapin,
asselineau,2017-02-03,1.425,lapin,
asselineau,2017-02-04,1.425,lapin,
asselineau,2017-02-05,1.1875,lapin,
asselineau,2017-02-06,1.1875,lapin,
asselineau,2017-02-07,1.1875,lapin,
asselineau,2017-02-08,2.1375,lapin,
asselineau,2017-02-09,0.7125,lapin,
asselineau,2017-02-10,0.47500000000000003,lapin,
asselineau,2017-02-11,0.47500000000000003,lapin,
asselineau,2017-02-12,1.425,lapin,
asselineau,2017-02-13,0.47500000000000003,lapin,
asselineau,2017-02-14,0.9500000000000001,lapin,
asselineau,2017-02-15,0.7125,lapin,
asselineau,2017-02-16,1.1875,lapin,
asselineau,2017-02-17,1.425,lapin,
asselineau,2017-02-18,1.425,lapin,
asselineau,2017-02-19,1.1875,lapin,
asselineau,2017-02-20,1.425,lapin,
asselineau,2017-02-21,1.425,lapin,
asselineau,2017-02-22,1.6625,lapin,
asselineau,2017-02-23,1.1875,lapin,
asselineau,2017-02-24,0.7125,lapin,
asselineau,2017-02-25,1.6625,lapin,
asselineau,2017-02-26,1.1875,lapin,
asselineau,2017-02-27,0.9500000000000001,lapin,
asselineau,2017-02-28,1.1875,lapin,
asselineau,2017-03-01,0.47500000000000003,lapin,
asselineau,2017-03-02,0.7125,lapin,
asselineau,2017-03-03,0.7125,lapin,
asselineau,2017-03-04,0.7125,lapin,
asselineau,2017-03-05,0.7125,lapin,
asselineau,2017-03-06,1.1875,lapin,
asselineau,2017-03-07,2.6125000000000003,lapin,
asselineau,2017-03-08,3.8000000000000003,lapin,
asselineau,2017-03-09,3.325,lapin,
asselineau,2017-03-10,7.125,lapin,
asselineau,2017-03-11,4.0375000000000005,lapin,
asselineau,2017-03-12,4.987500000000001,lapin,
asselineau,2017-03-13,6.8875,lapin,
asselineau,2017-03-14,10.2125,lapin,
asselineau,2017-03-15,5.9375,lapin,
asselineau,2017-03-16,6.8875,lapin,
asselineau,2017-03-17,6.4125000000000005,lapin,
asselineau,2017-03-18,5.7,lapin,
asselineau,2017-03-19,5.4625,lapin,
asselineau,2017-03-20,6.4125000000000005,lapin,
asselineau,2017-03-21,7.125,lapin,
asselineau,2017-03-22,8.7875,lapin,
asselineau,2017-03-23,8.075000000000001,lapin,
asselineau,2017-03-24,9.7375,lapin,
asselineau,2017-03-25,10.925,lapin,
asselineau,2017-03-26,9.5,lapin,
asselineau,2017-03-27,7.8375,lapin,
asselineau,2017-03-28,9.025,lapin,
asselineau,2017-03-29,10.6875,lapin,
asselineau,2017-03-30,11.162500000000001,lapin,
asselineau,2017-03-31,12.350000000000001,lapin,
asselineau,2017-04-01,11.4,lapin,
asselineau,2017-04-02,9.7375,lapin,
asselineau,2017-04-03,10.2125,lapin,
asselineau,2017-04-04,9.7375,lapin,
asselineau,2017-04-05,16.625,lapin,
asselineau,2017-04-06,14.725000000000001,lapin,
asselineau,2017-04-07,11.875,lapin,
asselineau,2017-04-08,14.725000000000001,lapin,
asselineau,2017-04-09,9.025,lapin,
asselineau,2017-04-10,10.450000000000001,lapin,
asselineau,2017-04-11,13.775,lapin,
asselineau,2017-04-12,14.725000000000001,lapin,
asselineau,2017-04-13,10.925,lapin,
asselineau,2017-04-14,13.537500000000001,lapin,
asselineau,2017-04-15,17.8125,lapin,
asselineau,2017-04-16,17.575,lapin,
asselineau,2017-04-17,17.1,lapin,
asselineau,2017-04-18,17.1,lapin,
asselineau,2017-04-19,15.675,lapin,
asselineau,2017-04-20,20.1875,lapin,
asselineau,2017-04-21,23.75,lapin,
asselineau,2017-04-22,19.950000000000003,lapin,
asselineau,2017-04-23,22.8,lapin,
asselineau,2017-04-24,18.05,lapin,
asselineau,2017-04-25,9.5,lapin,
asselineau,2017-04-26,9.025,lapin,
asselineau,2017-04-27,5.4625,lapin,
asselineau,2017-04-28,4.0375000000000005,lapin,
asselineau,2017-04-29,4.987500000000001,lapin,
asselineau,2017-04-30,5.7,lapin,
asselineau,2017-05-01,4.0375000000000005,lapin,
asselineau,2017-05-02,4.0375000000000005,lapin,
asselineau,2017-05-03,4.0375000000000005,lapin,
asselineau,2017-05-04,4.5125,lapin,
asselineau,2017-05-05,4.5125,lapin,
asselineau,2017-05-06,4.5125,lapin,
asselineau,2017-05-07,4.0375000000000005,lapin,
asselineau,2017-05-08,5.9375,lapin,
asselineau,2017-05-09,6.175000000000001,lapin,
asselineau,2017-05-10,3.0875000000000004,lapin,
asselineau,2017-05-11,3.5625,lapin,
asselineau,2017-05-12,1.6625,lapin,
asselineau,2017-05-13,3.325,lapin,
asselineau,2017-05-14,2.375,lapin,
asselineau,2017-05-15,3.0875000000000004,lapin,
asselineau,2017-05-16,3.8000000000000003,lapin,
asselineau,2017-05-17,2.1375,lapin,
asselineau,2017-05-18,3.0875000000000004,lapin,
asselineau,2017-05-19,2.375,lapin,
asselineau,2017-05-20,1.425,lapin,
asselineau,2017-05-21,2.1375,lapin,
asselineau,2017-05-22,2.1375,lapin,
asselineau,2017-05-23,3.0875000000000004,lapin,
asselineau,2017-05-24,2.6125000000000003,lapin,
asselineau,2017-05-25,3.0875000000000004,lapin,
asselineau,2017-05-26,3.0875000000000004,lapin,
asselineau,2017-05-27,1.9000000000000001,lapin,
asselineau,2017-05-28,1.6625,lapin,
asselineau,2017-05-29,0.7125,lapin,
asselineau,2017-05-30,1.9000000000000001,lapin,
asselineau,2017-05-31,2.375,lapin,
asselineau,2017-06-01,1.425,lapin,
asselineau,2017-06-02,1.425,lapin,
asselineau,2017-06-03,1.9000000000000001,lapin,
asselineau,2017-06-04,1.425,lapin,
asselineau,2017-06-05,1.1875,lapin,
asselineau,2017-06-06,1.6625,lapin,
asselineau,2017-06-07,1.9000000000000001,lapin,
asselineau,2017-06-08,1.1875,lapin,
asselineau,2017-06-09,1.6625,lapin,
asselineau,2017-06-10,1.6625,lapin,
asselineau,2017-06-11,1.6625,lapin,
asselineau,2017-06-12,3.8000000000000003,lapin,
asselineau,2017-06-13,2.1375,lapin,
asselineau,2017-06-14,1.6625,lapin,
asselineau,2017-06-15,1.6625,lapin,
asselineau,2017-06-16,0.9500000000000001,lapin,
asselineau,2017-06-17,1.425,lapin,
asselineau,2017-06-18,1.6625,lapin,
asselineau,2017-06-19,1.1875,lapin,
asselineau,2017-06-20,0.9500000000000001,lapin,
asselineau,2017-06-21,2.375,lapin,
asselineau,2017-06-22,3.325,lapin,
asselineau,2017-06-23,2.1375,lapin,
asselineau,2017-06-24,1.425,lapin,
asselineau,2017-06-25,1.6625,lapin,
asselineau,2017-06-26,1.1875,lapin,
asselineau,2017-06-27,1.425,lapin,
asselineau,2017-06-28,0.7125,lapin,
asselineau,2017-06-29,2.1375,lapin,
asselineau,2017-06-30,1.9000000000000001,lapin,
asselineau,2017-07-01,1.6625,lapin,
lassalle,2016-11-01,2.6125000000000003,lapin,
lassalle,2016-11-02,0.9500000000000001,lapin,
lassalle,2016-11-03,0.9500000000000001,lapin,
lassalle,2016-11-04,1.1875,lapin,
lassalle,2016-11-05,1.6625,lapin,
lassalle,2016-11-06,2.1375,lapin,
lassalle,2016-11-07,0.7125,lapin,
lassalle,2016-11-08,1.1875,lapin,
lassalle,2016-11-09,2.375,lapin,
lassalle,2016-11-10,2.375,lapin,
lassalle,2016-11-11,2.375,lapin,
lassalle,2016-11-12,2.375,lapin,
lassalle,2016-11-13,2.1375,lapin,
lassalle,2016-11-14,1.425,lapin,
lassalle,2016-11-15,1.6625,lapin,
lassalle,2016-11-16,1.1875,lapin,
lassalle,2016-11-17,1.6625,lapin,
lassalle,2016-11-18,1.9000000000000001,lapin,
lassalle,2016-11-19,0.9500000000000001,lapin,
lassalle,2016-11-20,2.375,lapin,
lassalle,2016-11-21,1.6625,lapin,
lassalle,2016-11-22,0.9500000000000001,lapin,
lassalle,2016-11-23,1.6625,lapin,
lassalle,2016-11-24,0.9500000000000001,lapin,
lassalle,2016-11-25,1.425,lapin,
lassalle,2016-11-26,1.1875,lapin,
lassalle,2016-11-27,1.425,lapin,
lassalle,2016-11-28,2.1375,lapin,
lassalle,2016-11-29,1.1875,lapin,
lassalle,2016-11-30,0.9500000000000001,lapin,
lassalle,2016-12-01,0.9500000000000001,lapin,
lassalle,2016-12-02,0.9500000000000001,lapin,
lassalle,2016-12-03,2.375,lapin,
lassalle,2016-12-04,1.9000000000000001,lapin,
lassalle,2016-12-05,0.47500000000000003,lapin,
lassalle,2016-12-06,1.425,lapin,
lassalle,2016-12-07,2.6125000000000003,lapin,
lassalle,2016-12-08,1.1875,lapin,
lassalle,2016-12-09,1.6625,lapin,
lassalle,2016-12-10,2.1375,lapin,
lassalle,2016-12-11,0.7125,lapin,
lassalle,2016-12-12,1.425,lapin,
lassalle,2016-12-13,0.7125,lapin,
lassalle,2016-12-14,2.1375,lapin,
lassalle,2016-12-15,0.9500000000000001,lapin,
lassalle,2016-12-16,1.6625,lapin,
lassalle,2016-12-17,1.9000000000000001,lapin,
lassalle,2016-12-18,1.6625,lapin,
lassalle,2016-12-19,2.1375,lapin,
lassalle,2016-12-20,0.9500000000000001,lapin,
lassalle,2016-12-21,1.425,lapin,
lassalle,2016-12-22,2.375,lapin,
lassalle,2016-12-23,1.425,lapin,
lassalle,2016-12-24,1.6625,lapin,
lassalle,2016-12-25,2.375,lapin,
lassalle,2016-12-26,1.6625,lapin,
lassalle,2016-12-27,1.425,lapin,
lassalle,2016-12-28,1.6625,lapin,
lassalle,2016-12-29,0.9500000000000001,lapin,
lassalle,2016-12-30,2.85,lapin,
lassalle,2016-12-31,1.425,lapin,
lassalle,2017-01-01,1.425,lapin,
lassalle,2017-01-02,1.9000000000000001,lapin,
lassalle,2017-01-03,1.6625,lapin,
lassalle,2017-01-04,1.9000000000000001,lapin,
lassalle,2017-01-05,1.425,lapin,
lassalle,2017-01-06,2.6125000000000003,lapin,
lassalle,2017-01-07,1.6625,lapin,
lassalle,2017-01-08,2.6125000000000003,lapin,
lassalle,2017-01-09,1.1875,lapin,
lassalle,2017-01-10,1.1875,lapin,
lassalle,2017-01-11,1.1875,lapin,
lassalle,2017-01-12,0.7125,lapin,
lassalle,2017-01-13,1.425,lapin,
lassalle,2017-01-14,1.425,lapin,
lassalle,2017-01-15,2.6125000000000003,lapin,
lassalle,2017-01-16,0.7125,lapin,
lassalle,2017-01-17,1.6625,lapin,
lassalle,2017-01-18,1.425,lapin,
lassalle,2017-01-19,1.6625,lapin,
lassalle,2017-01-20,0.9500000000000001,lapin,
lassalle,2017-01-21,3.325,lapin,
lassalle,2017-01-22,2.85,lapin,
lassalle,2017-01-23,2.85,lapin,
lassalle,2017-01-24,1.425,lapin,
lassalle,2017-01-25,2.6125000000000003,lapin,
lassalle,2017-01-26,2.1375,lapin,
lassalle,2017-01-27,1.1875,lapin,
lassalle,2017-01-28,1.1875,lapin,
lassalle,2017-01-29,4.0375000000000005,lapin,
lassalle,2017-01-30,1.9000000000000001,lapin,
lassalle,2017-01-31,1.6625,lapin,
lassalle,2017-02-01,1.9000000000000001,lapin,
lassalle,2017-02-02,1.1875,lapin,
lassalle,2017-02-03,1.1875,lapin,
lassalle,2017-02-04,1.9000000000000001,lapin,
lassalle,2017-02-05,0.9500000000000001,lapin,
lassalle,2017-02-06,2.375,lapin,
lassalle,2017-02-07,1.6625,lapin,
lassalle,2017-02-08,0.9500000000000001,lapin,
lassalle,2017-02-09,1.6625,lapin,
lassalle,2017-02-10,1.1875,lapin,
lassalle,2017-02-11,1.9000000000000001,lapin,
lassalle,2017-02-12,1.425,lapin,
lassalle,2017-02-13,1.1875,lapin,
lassalle,2017-02-14,1.6625,lapin,
lassalle,2017-02-15,1.9000000000000001,lapin,
lassalle,2017-02-16,1.1875,lapin,
lassalle,2017-02-17,1.9000000000000001,lapin,
lassalle,2017-02-18,2.375,lapin,
lassalle,2017-02-19,1.1875,lapin,
lassalle,2017-02-20,0.9500000000000001,lapin,
lassalle,2017-02-21,1.9000000000000001,lapin,
lassalle,2017-02-22,2.1375,lapin,
lassalle,2017-02-23,2.1375,lapin,
lassalle,2017-02-24,0.9500000000000001,lapin,
lassalle,2017-02-25,2.375,lapin,
lassalle,2017-02-26,1.9000000000000001,lapin,
lassalle,2017-02-27,1.9000000000000001,lapin,
lassalle,2017-02-28,1.425,lapin,
lassalle,2017-03-01,1.9000000000000001,lapin,
lassalle,2017-03-02,0.7125,lapin,
lassalle,2017-03-03,2.375,lapin,
lassalle,2017-03-04,2.375,lapin,
lassalle,2017-03-05,1.6625,lapin,
lassalle,2017-03-06,1.6625,lapin,
lassalle,2017-03-07,1.425,lapin,
lassalle,2017-03-08,0.9500000000000001,lapin,
lassalle,2017-03-09,0.9500000000000001,lapin,
lassalle,2017-03-10,1.1875,lapin,
lassalle,2017-03-11,0.9500000000000001,lapin,
lassalle,2017-03-12,2.1375,lapin,
lassalle,2017-03-13,0.9500000000000001,lapin,
lassalle,2017-03-14,1.6625,lapin,
lassalle,2017-03-15,1.1875,lapin,
lassalle,2017-03-16,1.6625,lapin,
lassalle,2017-03-17,2.1375,lapin,
lassalle,2017-03-18,5.9375,lapin,
lassalle,2017-03-19,3.5625,lapin,
lassalle,2017-03-20,2.85,lapin,
lassalle,2017-03-21,3.5625,lapin,
lassalle,2017-03-22,1.425,lapin,
lassalle,2017-03-23,2.85,lapin,
lassalle,2017-03-24,4.275,lapin,
lassalle,2017-03-25,3.325,lapin,
lassalle,2017-03-26,3.8000000000000003,lapin,
lassalle,2017-03-27,2.6125000000000003,lapin,
lassalle,2017-03-28,3.0875000000000004,lapin,
lassalle,2017-03-29,2.375,lapin,
lassalle,2017-03-30,3.0875000000000004,lapin,
lassalle,2017-03-31,3.8000000000000003,lapin,
lassalle,2017-04-01,3.5625,lapin,
lassalle,2017-04-02,7.362500000000001,lapin,
lassalle,2017-04-03,6.65,lapin,
lassalle,2017-04-04,8.075000000000001,lapin,
lassalle,2017-04-05,23.75,lapin,
lassalle,2017-04-06,15.912500000000001,lapin,
lassalle,2017-04-07,14.012500000000001,lapin,
lassalle,2017-04-08,12.825000000000001,lapin,
lassalle,2017-04-09,10.2125,lapin,
lassalle,2017-04-10,11.637500000000001,lapin,
lassalle,2017-04-11,9.975000000000001,lapin,
lassalle,2017-04-12,7.125,lapin,
lassalle,2017-04-13,14.25,lapin,
lassalle,2017-04-14,14.25,lapin,
lassalle,2017-04-15,9.975000000000001,lapin,
lassalle,2017-04-16,9.5,lapin,
lassalle,2017-04-17,11.4,lapin,
lassalle,2017-04-18,12.350000000000001,lapin,
lassalle,2017-04-19,12.1125,lapin,
lassalle,2017-04-20,14.725000000000001,lapin,
lassalle,2017-04-21,17.8125,lapin,
lassalle,2017-04-22,17.575,lapin,
lassalle,2017-04-23,17.575,lapin,
lassalle,2017-04-24,15.912500000000001,lapin,
lassalle,2017-04-25,11.875,lapin,
lassalle,2017-04-26,10.925,lapin,
lassalle,2017-04-27,6.8875,lapin,
lassalle,2017-04-28,7.8375,lapin,
lassalle,2017-04-29,6.8875,lapin,
lassalle,2017-04-30,4.987500000000001,lapin,
lassalle,2017-05-01,4.75,lapin,
lassalle,2017-05-02,5.2250000000000005,lapin,
lassalle,2017-05-03,4.987500000000001,lapin,
lassalle,2017-05-04,4.987500000000001,lapin,
lassalle,2017-05-05,5.4625,lapin,
lassalle,2017-05-06,5.2250000000000005,lapin,
lassalle,2017-05-07,7.362500000000001,lapin,
lassalle,2017-05-08,6.175000000000001,lapin,
lassalle,2017-05-09,4.0375000000000005,lapin,
lassalle,2017-05-10,5.2250000000000005,lapin,
lassalle,2017-05-11,4.75,lapin,
lassalle,2017-05-12,4.275,lapin,
lassalle,2017-05-13,6.65,lapin,
lassalle,2017-05-14,4.5125,lapin,
lassalle,2017-05-15,3.5625,lapin,
lassalle,2017-05-16,3.0875000000000004,lapin,
lassalle,2017-05-17,4.5125,lapin,
lassalle,2017-05-18,4.0375000000000005,lapin,
lassalle,2017-05-19,3.5625,lapin,
lassalle,2017-05-20,4.275,lapin,
lassalle,2017-05-21,4.0375000000000005,lapin,
lassalle,2017-05-22,3.5625,lapin,
lassalle,2017-05-23,2.375,lapin,
lassalle,2017-05-24,1.6625,lapin,
lassalle,2017-05-25,2.85,lapin,
lassalle,2017-05-26,3.0875000000000004,lapin,
lassalle,2017-05-27,3.0875000000000004,lapin,
lassalle,2017-05-28,2.375,lapin,
lassalle,2017-05-29,1.9000000000000001,lapin,
lassalle,2017-05-30,1.425,lapin,
lassalle,2017-05-31,3.0875000000000004,lapin,
lassalle,2017-06-01,1.425,lapin,
lassalle,2017-06-02,0.47500000000000003,lapin,
lassalle,2017-06-03,1.1875,lapin,
lassalle,2017-06-04,1.425,lapin,
lassalle,2017-06-05,0.47500000000000003,lapin,
lassalle,2017-06-06,0.47500000000000003,lapin,
lassalle,2017-06-07,1.425,lapin,
lassalle,2017-06-08,0.47500000000000003,lapin,
lassalle,2017-06-09,0.7125,lapin,
lassalle,2017-06-10,0.9500000000000001,lapin,
lassalle,2017-06-11,1.1875,lapin,
lassalle,2017-06-12,0.47500000000000003,lapin,
lassalle,2017-06-13,0.47500000000000003,lapin,
lassalle,2017-06-14,0.9500000000000001,lapin,
lassalle,2017-06-15,0.47500000000000003,lapin,
lassalle,2017-06-16,1.425,lapin,
lassalle,2017-06-17,0.9500000000000001,lapin,
lassalle,2017-06-18,1.425,lapin,
lassalle,2017-06-19,2.1375,lapin,
lassalle,2017-06-20,1.9000000000000001,lapin,
lassalle,2017-06-21,0.47500000000000003,lapin,
lassalle,2017-06-22,1.6625,lapin,
lassalle,2017-06-23,0.9500000000000001,lapin,
lassalle,2017-06-24,0.9500000000000001,lapin,
lassalle,2017-06-25,1.425,lapin,
lassalle,2017-06-26,0.7125,lapin,
lassalle,2017-06-27,1.1875,lapin,
lassalle,2017-06-28,1.425,lapin,
lassalle,2017-06-29,1.425,lapin,
lassalle,2017-06-30,0.9500000000000001,lapin,
lassalle,2017-07-01,1.425,lapin,
cheminade,2016-11-01,0.0,vipère,
cheminade,2016-11-02,0.0,vipère,
cheminade,2016-11-03,0.0,vipère,
cheminade,2016-11-04,0.0,vipère,
cheminade,2016-11-05,0.0,vipère,
cheminade,2016-11-06,0.09813368055555557,vipère,
cheminade,2016-11-07,0.0,vipère,
cheminade,2016-11-08,0.0,vipère,
cheminade,2016-11-09,0.0,vipère,
cheminade,2016-11-10,0.0,vipère,
cheminade,2016-11-11,0.0,vipère,
cheminade,2016-11-12,0.0,vipère,
cheminade,2016-11-13,0.0,vipère,
cheminade,2016-11-14,0.0,vipère,
cheminade,2016-11-15,0.0,vipère,
cheminade,2016-11-16,0.0,vipère,
cheminade,2016-11-17,0.0,vipère,
cheminade,2016-11-18,0.0,vipère,
cheminade,2016-11-19,0.0,vipère,
cheminade,2016-11-20,0.09813368055555557,vipère,
cheminade,2016-11-21,0.0,vipère,
cheminade,2016-11-22,0.0,vipère,
cheminade,2016-11-23,0.0,vipère,
cheminade,2016-11-24,0.0,vipère,
cheminade,2016-11-25,0.0,vipère,
cheminade,2016-11-26,0.0,vipère,
cheminade,2016-11-27,0.0,vipère,
cheminade,2016-11-28,0.0,vipère,
cheminade,2016-11-29,0.09236111111111112,vipère,
cheminade,2016-11-30,0.0,vipère,
cheminade,2016-12-01,0.0,vipère,
cheminade,2016-12-02,0.0,vipère,
cheminade,2016-12-03,0.10390625,vipère,
cheminade,2016-12-04,0.1904947916666667,vipère,
cheminade,2016-12-05,0.0,vipère,
cheminade,2016-12-06,0.0,vipère,
cheminade,2016-12-07,0.0,vipère,
cheminade,2016-12-08,0.0,vipère,
cheminade,2016-12-09,0.0,vipère,
cheminade,2016-12-10,0.0,vipère,
cheminade,2016-12-11,0.09813368055555557,vipère,
cheminade,2016-12-12,0.0,vipère,
cheminade,2016-12-13,0.0,vipère,
cheminade,2016-12-14,0.0,vipère,
cheminade,2016-12-15,0.0,vipère,
cheminade,2016-12-16,0.0,vipère,
cheminade,2016-12-17,0.0,vipère,
cheminade,2016-12-18,0.0,vipère,
cheminade,2016-12-19,0.0,vipère,
cheminade,2016-12-20,0.0,vipère,
cheminade,2016-12-21,0.0,vipère,
cheminade,2016-12-22,0.09813368055555557,vipère,
cheminade,2016-12-23,0.0,vipère,
cheminade,2016-12-24,0.0,vipère,
cheminade,2016-12-25,0.0,vipère,
cheminade,2016-12-26,0.0,vipère,
cheminade,2016-12-27,0.0,vipère,
cheminade,2016-12-28,0.0,vipère,
cheminade,2016-12-29,0.0,vipère,
cheminade,2016-12-30,0.0,vipère,
cheminade,2016-12-31,0.0,vipère,
cheminade,2017-01-01,0.0,vipère,
cheminade,2017-01-02,0.0,vipère,
cheminade,2017-01-03,0.0,vipère,
cheminade,2017-01-04,0.0,vipère,
cheminade,2017-01-05,0.09236111111111112,vipère,
cheminade,2017-01-06,0.0,vipère,
cheminade,2017-01-07,0.0,vipère,
cheminade,2017-01-08,0.0,vipère,
cheminade,2017-01-09,0.0,vipère,
cheminade,2017-01-10,0.0,vipère,
cheminade,2017-01-11,0.0,vipère,
cheminade,2017-01-12,0.0,vipère,
cheminade,2017-01-13,0.0,vipère,
cheminade,2017-01-14,0.0,vipère,
cheminade,2017-01-15,0.0,vipère,
cheminade,2017-01-16,0.0,vipère,
cheminade,2017-01-17,0.09236111111111112,vipère,
cheminade,2017-01-18,0.0,vipère,
cheminade,2017-01-19,0.0,vipère,
cheminade,2017-01-20,0.0,vipère,
cheminade,2017-01-21,0.10390625,vipère,
cheminade,2017-01-22,0.0,vipère,
cheminade,2017-01-23,0.0,vipère,
cheminade,2017-01-24,0.0,vipère,
cheminade,2017-01-25,0.0,vipère,
cheminade,2017-01-26,0.0,vipère,
cheminade,2017-01-27,0.0,vipère,
cheminade,2017-01-28,0.0,vipère,
cheminade,2017-01-29,0.0,vipère,
cheminade,2017-01-30,0.0,vipère,
cheminade,2017-01-31,0.09236111111111112,vipère,
cheminade,2017-02-01,0.0,vipère,
cheminade,2017-02-02,0.0,vipère,
cheminade,2017-02-03,0.0,vipère,
cheminade,2017-02-04,0.0,vipère,
cheminade,2017-02-05,0.09236111111111112,vipère,
cheminade,2017-02-06,0.0,vipère,
cheminade,2017-02-07,0.0,vipère,
cheminade,2017-02-08,0.0,vipère,
cheminade,2017-02-09,0.0,vipère,
cheminade,2017-02-10,0.0,vipère,
cheminade,2017-02-11,0.0,vipère,
cheminade,2017-02-12,0.0,vipère,
cheminade,2017-02-13,0.0,vipère,
cheminade,2017-02-14,0.0,vipère,
cheminade,2017-02-15,0.09236111111111112,vipère,
cheminade,2017-02-16,0.0,vipère,
cheminade,2017-02-17,0.09236111111111112,vipère,
cheminade,2017-02-18,0.0,vipère,
cheminade,2017-02-19,0.0,vipère,
cheminade,2017-02-20,0.0,vipère,
cheminade,2017-02-21,0.0,vipère,
cheminade,2017-02-22,0.0,vipère,
cheminade,2017-02-23,0.0,vipère,
cheminade,2017-02-24,0.0,vipère,
cheminade,2017-02-25,0.0,vipère,
cheminade,2017-02-26,0.0,vipère,
cheminade,2017-02-27,0.0,vipère,
cheminade,2017-02-28,0.17317708333333334,vipère,
cheminade,2017-03-01,0.0,vipère,
cheminade,2017-03-02,0.08658854166666667,vipère,
cheminade,2017-03-03,0.09236111111111112,vipère,
cheminade,2017-03-04,0.0,vipère,
cheminade,2017-03-05,0.0,vipère,
cheminade,2017-03-06,0.0,vipère,
cheminade,2017-03-07,0.08658854166666667,vipère,
cheminade,2017-03-08,0.0,vipère,
cheminade,2017-03-09,0.09236111111111112,vipère,
cheminade,2017-03-10,0.0,vipère,
cheminade,2017-03-11,0.0,vipère,
cheminade,2017-03-12,0.0,vipère,
cheminade,2017-03-13,0.08081597222222224,vipère,
cheminade,2017-03-14,0.0,vipère,
cheminade,2017-03-15,0.0,vipère,
cheminade,2017-03-16,0.0,vipère,
cheminade,2017-03-17,0.0,vipère,
cheminade,2017-03-18,0.20203993055555555,vipère,
cheminade,2017-03-19,0.0,vipère,
cheminade,2017-03-20,0.08658854166666667,vipère,
cheminade,2017-03-21,0.09236111111111112,vipère,
cheminade,2017-03-22,0.08658854166666667,vipère,
cheminade,2017-03-23,0.0,vipère,
cheminade,2017-03-24,0.09236111111111112,vipère,
cheminade,2017-03-25,0.10390625,vipère,
cheminade,2017-03-26,0.21358506944444447,vipère,
cheminade,2017-03-27,0.18472222222222223,vipère,
cheminade,2017-03-28,0.09236111111111112,vipère,
cheminade,2017-03-29,0.18472222222222223,vipère,
cheminade,2017-03-30,0.14431423611111113,vipère,
cheminade,2017-03-31,0.09813368055555557,vipère,
cheminade,2017-04-01,0.0,vipère,
cheminade,2017-04-02,0.09813368055555557,vipère,
cheminade,2017-04-03,0.18472222222222223,vipère,
cheminade,2017-04-04,0.36944444444444446,vipère,
cheminade,2017-04-05,0.4560329861111111,vipère,
cheminade,2017-04-06,0.1904947916666667,vipère,
cheminade,2017-04-07,0.40985243055555565,vipère,
cheminade,2017-04-08,0.31171875000000004,vipère,
cheminade,2017-04-09,0.23090277777777782,vipère,
cheminade,2017-04-10,0.21358506944444447,vipère,
cheminade,2017-04-11,0.13854166666666667,vipère,
cheminade,2017-04-12,0.12699652777777778,vipère,
cheminade,2017-04-13,0.3809895833333334,vipère,
cheminade,2017-04-14,0.15008680555555556,vipère,
cheminade,2017-04-15,0.2193576388888889,vipère,
cheminade,2017-04-16,0.2828559027777778,vipère,
cheminade,2017-04-17,0.24244791666666665,vipère,
cheminade,2017-04-18,0.30594618055555556,vipère,
cheminade,2017-04-19,0.24244791666666665,vipère,
cheminade,2017-04-20,0.467578125,vipère,
cheminade,2017-04-21,0.259765625,vipère,
cheminade,2017-04-22,0.42717013888888894,vipère,
cheminade,2017-04-23,0.5772569444444445,vipère,
cheminade,2017-04-24,0.3867621527777778,vipère,
cheminade,2017-04-25,0.1789496527777778,vipère,
cheminade,2017-04-26,0.259765625,vipère,
cheminade,2017-04-27,0.09236111111111112,vipère,
cheminade,2017-04-28,0.14431423611111113,vipère,
cheminade,2017-04-29,0.10967881944444445,vipère,
cheminade,2017-04-30,0.15008680555555556,vipère,
cheminade,2017-05-01,0.13854166666666667,vipère,
cheminade,2017-05-02,0.08658854166666667,vipère,
cheminade,2017-05-03,0.08658854166666667,vipère,
cheminade,2017-05-04,0.18472222222222223,vipère,
cheminade,2017-05-05,0.1904947916666667,vipère,
cheminade,2017-05-06,0.0,vipère,
cheminade,2017-05-07,0.14431423611111113,vipère,
cheminade,2017-05-08,0.13854166666666667,vipère,
cheminade,2017-05-09,0.09236111111111112,vipère,
cheminade,2017-05-10,0.08658854166666667,vipère,
cheminade,2017-05-11,0.1789496527777778,vipère,
cheminade,2017-05-12,0.0,vipère,
cheminade,2017-05-13,0.20203993055555555,vipère,
cheminade,2017-05-14,0.0,vipère,
cheminade,2017-05-15,0.09236111111111112,vipère,
cheminade,2017-05-16,0.09813368055555557,vipère,
cheminade,2017-05-17,0.09236111111111112,vipère,
cheminade,2017-05-18,0.09236111111111112,vipère,
cheminade,2017-05-19,0.14431423611111113,vipère,
cheminade,2017-05-20,0.10967881944444445,vipère,
cheminade,2017-05-21,0.0,vipère,
cheminade,2017-05-22,0.0,vipère,
cheminade,2017-05-23,0.09236111111111112,vipère,
cheminade,2017-05-24,0.10390625,vipère,
cheminade,2017-05-25,0.0,vipère,
cheminade,2017-05-26,0.0,vipère,
cheminade,2017-05-27,0.0,vipère,
cheminade,2017-05-28,0.0,vipère,
cheminade,2017-05-29,0.0,vipère,
cheminade,2017-05-30,0.0,vipère,
cheminade,2017-05-31,0.0,vipère,
cheminade,2017-06-01,0.09813368055555557,vipère,
cheminade,2017-06-02,0.10390625,vipère,
cheminade,2017-06-03,0.0,vipère,
cheminade,2017-06-04,0.0,vipère,
cheminade,2017-06-05,0.0,vipère,
cheminade,2017-06-06,0.0,vipère,
cheminade,2017-06-07,0.0,vipère,
cheminade,2017-06-08,0.0,vipère,
cheminade,2017-06-09,0.0,vipère,
cheminade,2017-06-10,0.0,vipère,
cheminade,2017-06-11,0.0,vipère,
cheminade,2017-06-12,0.08658854166666667,vipère,
cheminade,2017-06-13,0.0,vipère,
cheminade,2017-06-14,0.0,vipère,
cheminade,2017-06-15,0.0,vipère,
cheminade,2017-06-16,0.0,vipère,
cheminade,2017-06-17,0.11545138888888891,vipère,
cheminade,2017-06-18,0.0,vipère,
cheminade,2017-06-19,0.0,vipère,
cheminade,2017-06-20,0.09236111111111112,vipère,
cheminade,2017-06-21,0.09236111111111112,vipère,
poutou,2016-11-01,0.0875,renard,
poutou,2016-11-02,0.0,renard,
poutou,2016-11-03,0.0,renard,
poutou,2016-11-04,0.0,renard,
poutou,2016-11-05,0.0875,renard,
poutou,2016-11-06,0.0875,renard,
poutou,2016-11-07,0.0,renard,
poutou,2016-11-08,0.0,renard,
poutou,2016-11-09,0.0,renard,
poutou,2016-11-10,0.0,renard,
poutou,2016-11-11,0.0875,renard,
poutou,2016-11-12,0.0,renard,
poutou,2016-11-13,0.0,renard,
poutou,2016-11-14,0.0,renard,
poutou,2016-11-15,0.0875,renard,
poutou,2016-11-16,0.0,renard,
poutou,2016-11-17,0.0875,renard,
poutou,2016-11-18,0.0,renard,
poutou,2016-11-19,0.0,renard,
poutou,2016-11-20,0.0,renard,
poutou,2016-11-21,0.0875,renard,
poutou,2016-11-22,0.0875,renard,
poutou,2016-11-23,0.0,renard,
poutou,2016-11-24,0.0,renard,
poutou,2016-11-25,0.0,renard,
poutou,2016-11-26,0.0875,renard,
poutou,2016-11-27,0.0,renard,
poutou,2016-11-28,0.0875,renard,
poutou,2016-11-29,0.0875,renard,
poutou,2016-11-30,0.0,renard,
poutou,2016-12-01,0.175,renard,
poutou,2016-12-02,0.0875,renard,
poutou,2016-12-03,0.0875,renard,
poutou,2016-12-04,0.0875,renard,
poutou,2016-12-05,0.0875,renard,
poutou,2016-12-06,0.0,renard,
poutou,2016-12-07,0.175,renard,
poutou,2016-12-08,0.0,renard,
poutou,2016-12-09,0.0,renard,
poutou,2016-12-10,0.0,renard,
poutou,2016-12-11,0.0,renard,
poutou,2016-12-12,0.0,renard,
poutou,2016-12-13,0.175,renard,
poutou,2016-12-14,0.0,renard,
poutou,2016-12-15,0.0875,renard,
poutou,2016-12-16,0.0,renard,
poutou,2016-12-17,0.0,renard,
poutou,2016-12-18,0.0,renard,
poutou,2016-12-19,0.0875,renard,
poutou,2016-12-20,0.0,renard,
poutou,2016-12-21,0.0,renard,
poutou,2016-12-22,0.0875,renard,
poutou,2016-12-23,0.0,renard,
poutou,2016-12-24,0.0,renard,
poutou,2016-12-25,0.0,renard,
poutou,2016-12-26,0.0,renard,
poutou,2016-12-27,0.0,renard,
poutou,2016-12-28,0.0,renard,
poutou,2016-12-29,0.0,renard,
poutou,2016-12-30,0.0,renard,
poutou,2016-12-31,0.0875,renard,
poutou,2017-01-01,0.0,renard,
poutou,2017-01-02,0.0,renard,
poutou,2017-01-03,0.0,renard,
poutou,2017-01-04,0.0875,renard,
poutou,2017-01-05,0.0,renard,
poutou,2017-01-06,0.0875,renard,
poutou,2017-01-07,0.0875,renard,
poutou,2017-01-08,0.0875,renard,
poutou,2017-01-09,0.0875,renard,
poutou,2017-01-10,0.0875,renard,
poutou,2017-01-11,0.0,renard,
poutou,2017-01-12,0.0,renard,
poutou,2017-01-13,0.0,renard,
poutou,2017-01-14,0.0875,renard,
poutou,2017-01-15,0.0,renard,
poutou,2017-01-16,0.0875,renard,
poutou,2017-01-17,0.0,renard,
poutou,2017-01-18,0.0875,renard,
poutou,2017-01-19,0.0,renard,
poutou,2017-01-20,0.0875,renard,
poutou,2017-01-21,0.0,renard,
poutou,2017-01-22,0.0,renard,
poutou,2017-01-23,0.0,renard,
poutou,2017-01-24,0.0,renard,
poutou,2017-01-25,0.0,renard,
poutou,2017-01-26,0.0,renard,
poutou,2017-01-27,0.0875,renard,
poutou,2017-01-28,0.0875,renard,
poutou,2017-01-29,0.0,renard,
poutou,2017-01-30,0.0,renard,
poutou,2017-01-31,0.2625,renard,
poutou,2017-02-01,0.175,renard,
poutou,2017-02-02,0.0875,renard,
poutou,2017-02-03,0.0875,renard,
poutou,2017-02-04,0.0875,renard,
poutou,2017-02-05,0.0875,renard,
poutou,2017-02-06,0.0875,renard,
poutou,2017-02-07,0.0875,renard,
poutou,2017-02-08,0.175,renard,
poutou,2017-02-09,0.0875,renard,
poutou,2017-02-10,0.0875,renard,
poutou,2017-02-11,0.0875,renard,
poutou,2017-02-12,0.0,renard,
poutou,2017-02-13,0.0875,renard,
poutou,2017-02-14,0.0,renard,
poutou,2017-02-15,0.0875,renard,
poutou,2017-02-16,0.0,renard,
poutou,2017-02-17,0.0,renard,
poutou,2017-02-18,0.175,renard,
poutou,2017-02-19,0.0,renard,
poutou,2017-02-20,0.0,renard,
poutou,2017-02-21,0.0875,renard,
poutou,2017-02-22,0.0875,renard,
poutou,2017-02-23,0.0,renard,
poutou,2017-02-24,0.0,renard,
poutou,2017-02-25,0.0,renard,
poutou,2017-02-26,0.2625,renard,
poutou,2017-02-27,0.4375,renard,
poutou,2017-02-28,0.35,renard,
poutou,2017-03-01,0.6125,renard,
poutou,2017-03-02,0.4375,renard,
poutou,2017-03-03,0.175,renard,
poutou,2017-03-04,0.0875,renard,
poutou,2017-03-05,0.0875,renard,
poutou,2017-03-06,0.175,renard,
poutou,2017-03-07,0.0875,renard,
poutou,2017-03-08,0.0875,renard,
poutou,2017-03-09,0.0875,renard,
poutou,2017-03-10,0.0875,renard,
poutou,2017-03-11,0.0875,renard,
poutou,2017-03-12,0.0875,renard,
poutou,2017-03-13,0.175,renard,
poutou,2017-03-14,0.0,renard,
poutou,2017-03-15,0.175,renard,
poutou,2017-03-16,0.0,renard,
poutou,2017-03-17,0.0875,renard,
poutou,2017-03-18,0.175,renard,
poutou,2017-03-19,0.175,renard,
poutou,2017-03-20,0.175,renard,
poutou,2017-03-21,0.0875,renard,
poutou,2017-03-22,0.175,renard,
poutou,2017-03-23,0.175,renard,
poutou,2017-03-24,0.175,renard,
poutou,2017-03-25,0.175,renard,
poutou,2017-03-26,0.175,renard,
poutou,2017-03-27,0.0875,renard,
poutou,2017-03-28,0.0875,renard,
poutou,2017-03-29,0.175,renard,
poutou,2017-03-30,0.2625,renard,
poutou,2017-03-31,0.175,renard,
poutou,2017-04-01,0.175,renard,
poutou,2017-04-02,0.4375,renard,
poutou,2017-04-03,0.9625,renard,
poutou,2017-04-04,0.7875,renard,
poutou,2017-04-05,8.75,renard,
poutou,2017-04-06,4.9,renard,
poutou,2017-04-07,2.7125,renard,
poutou,2017-04-08,2.45,renard,
poutou,2017-04-09,1.925,renard,
poutou,2017-04-10,2.975,renard,
poutou,2017-04-11,3.0625,renard,
poutou,2017-04-12,1.575,renard,
poutou,2017-04-13,1.575,renard,
poutou,2017-04-14,1.575,renard,
poutou,2017-04-15,1.8375,renard,
poutou,2017-04-16,2.1875,renard,
poutou,2017-04-17,1.4875,renard,
poutou,2017-04-18,1.8375,renard,
poutou,2017-04-19,1.6625,renard,
poutou,2017-04-20,1.575,renard,
poutou,2017-04-21,2.1,renard,
poutou,2017-04-22,1.8375,renard,
poutou,2017-04-23,1.4875,renard,
poutou,2017-04-24,1.225,renard,
poutou,2017-04-25,0.9625,renard,
poutou,2017-04-26,0.7875,renard,
poutou,2017-04-27,0.35,renard,
poutou,2017-04-28,0.2625,renard,
poutou,2017-04-29,0.4375,renard,
poutou,2017-04-30,0.175,renard,
poutou,2017-05-01,0.175,renard,
poutou,2017-05-02,0.2625,renard,
poutou,2017-05-03,0.175,renard,
poutou,2017-05-04,0.175,renard,
poutou,2017-05-05,0.2625,renard,
poutou,2017-05-06,0.4375,renard,
poutou,2017-05-07,0.175,renard,
poutou,2017-05-08,0.175,renard,
poutou,2017-05-09,0.175,renard,
poutou,2017-05-10,0.175,renard,
poutou,2017-05-11,0.175,renard,
poutou,2017-05-12,0.175,renard,
poutou,2017-05-13,0.175,renard,
poutou,2017-05-14,0.2625,renard,
poutou,2017-05-15,0.0875,renard,
poutou,2017-05-16,0.0875,renard,
poutou,2017-05-17,0.175,renard,
poutou,2017-05-18,0.175,renard,
poutou,2017-05-19,0.175,renard,
poutou,2017-05-20,0.0875,renard,
poutou,2017-05-21,0.175,renard,
poutou,2017-05-22,0.0875,renard,
poutou,2017-05-23,0.175,renard,
poutou,2017-05-24,0.175,renard,
poutou,2017-05-25,0.0875,renard,
poutou,2017-05-26,0.0875,renard,
poutou,2017-05-27,0.175,renard,
poutou,2017-05-28,0.0875,renard,
poutou,2017-05-29,0.0875,renard,
poutou,2017-05-30,0.0,renard,
poutou,2017-05-31,0.0875,renard,
poutou,2017-06-01,0.0875,renard,
poutou,2017-06-02,0.0875,renard,
poutou,2017-06-03,0.0875,renard,
poutou,2017-06-04,0.0875,renard,
poutou,2017-06-05,0.0875,renard,
poutou,2017-06-06,0.0875,renard,
poutou,2017-06-07,0.0,renard,
poutou,2017-06-08,0.0875,renard,
poutou,2017-06-09,0.175,renard,
poutou,2017-06-10,0.0875,renard,
poutou,2017-06-11,0.0875,renard,
poutou,2017-06-12,0.175,renard,
poutou,2017-06-13,0.0875,renard,
poutou,2017-06-14,0.0875,renard,
poutou,2017-06-15,0.0875,renard,
poutou,2017-06-16,0.0875,renard,
poutou,2017-06-17,0.0,renard,
poutou,2017-06-18,0.0875,renard,
poutou,2017-06-19,0.0875,renard,
poutou,2017-06-20,0.0875,renard,
poutou,2017-06-21,0.0875,renard,
poutou,2017-06-22,0.0,renard,
poutou,2017-06-23,0.0875,renard,
poutou,2017-06-24,0.0875,renard,
poutou,2017-06-25,0.0,renard,
poutou,2017-06-26,0.0875,renard,
poutou,2017-06-27,0.0875,renard,
poutou,2017-06-28,0.0875,renard,
poutou,2017-06-29,0.0875,renard,
dupont-aignan,2016-11-01,0.06927083333333334,chenille,
dupont-aignan,2016-11-02,0.06927083333333334,chenille,
dupont-aignan,2016-11-03,0.06927083333333334,chenille,
dupont-aignan,2016-11-04,0.06927083333333334,chenille,
dupont-aignan,2016-11-05,0.06927083333333334,chenille,
dupont-aignan,2016-11-06,0.06927083333333334,chenille,
dupont-aignan,2016-11-07,0.06927083333333334,chenille,
dupont-aignan,2016-11-08,0.0,chenille,
dupont-aignan,2016-11-09,0.06927083333333334,chenille,
dupont-aignan,2016-11-10,0.0,chenille,
dupont-aignan,2016-11-11,0.0,chenille,
dupont-aignan,2016-11-12,0.06927083333333334,chenille,
dupont-aignan,2016-11-13,0.10390625,chenille,
dupont-aignan,2016-11-14,0.0,chenille,
dupont-aignan,2016-11-15,0.0,chenille,
dupont-aignan,2016-11-16,0.0,chenille,
dupont-aignan,2016-11-17,0.06927083333333334,chenille,
dupont-aignan,2016-11-18,0.06927083333333334,chenille,
dupont-aignan,2016-11-19,0.06927083333333334,chenille,
dupont-aignan,2016-11-20,0.0,chenille,
dupont-aignan,2016-11-21,0.06927083333333334,chenille,
dupont-aignan,2016-11-22,0.06927083333333334,chenille,
dupont-aignan,2016-11-23,0.0,chenille,
dupont-aignan,2016-11-24,0.06927083333333334,chenille,
dupont-aignan,2016-11-25,0.0,chenille,
dupont-aignan,2016-11-26,0.06927083333333334,chenille,
dupont-aignan,2016-11-27,0.0,chenille,
dupont-aignan,2016-11-28,0.06927083333333334,chenille,
dupont-aignan,2016-11-29,0.06927083333333334,chenille,
dupont-aignan,2016-11-30,0.0,chenille,
dupont-aignan,2016-12-01,0.10390625,chenille,
dupont-aignan,2016-12-02,0.06927083333333334,chenille,
dupont-aignan,2016-12-03,0.0,chenille,
dupont-aignan,2016-12-04,0.10390625,chenille,
dupont-aignan,2016-12-05,0.06927083333333334,chenille,
dupont-aignan,2016-12-06,0.0,chenille,
dupont-aignan,2016-12-07,0.10390625,chenille,
dupont-aignan,2016-12-08,0.06927083333333334,chenille,
dupont-aignan,2016-12-09,0.0,chenille,
dupont-aignan,2016-12-10,0.13854166666666667,chenille,
dupont-aignan,2016-12-11,0.06927083333333334,chenille,
dupont-aignan,2016-12-12,0.06927083333333334,chenille,
dupont-aignan,2016-12-13,0.0,chenille,
dupont-aignan,2016-12-14,0.06927083333333334,chenille,
dupont-aignan,2016-12-15,0.06927083333333334,chenille,
dupont-aignan,2016-12-16,0.0,chenille,
dupont-aignan,2016-12-17,0.06927083333333334,chenille,
dupont-aignan,2016-12-18,0.0,chenille,
dupont-aignan,2016-12-19,0.06927083333333334,chenille,
dupont-aignan,2016-12-20,0.0,chenille,
dupont-aignan,2016-12-21,0.06927083333333334,chenille,
dupont-aignan,2016-12-22,0.06927083333333334,chenille,
dupont-aignan,2016-12-23,0.0,chenille,
dupont-aignan,2016-12-24,0.0,chenille,
dupont-aignan,2016-12-25,0.10390625,chenille,
dupont-aignan,2016-12-26,0.0,chenille,
dupont-aignan,2016-12-27,0.0,chenille,
dupont-aignan,2016-12-28,0.0,chenille,
dupont-aignan,2016-12-29,0.0,chenille,
dupont-aignan,2016-12-30,0.13854166666666667,chenille,
dupont-aignan,2016-12-31,0.06927083333333334,chenille,
dupont-aignan,2017-01-01,0.0,chenille,
dupont-aignan,2017-01-02,0.06927083333333334,chenille,
dupont-aignan,2017-01-03,0.0,chenille,
dupont-aignan,2017-01-04,0.06927083333333334,chenille,
dupont-aignan,2017-01-05,0.0,chenille,
dupont-aignan,2017-01-06,0.06927083333333334,chenille,
dupont-aignan,2017-01-07,0.06927083333333334,chenille,
dupont-aignan,2017-01-08,0.06927083333333334,chenille,
dupont-aignan,2017-01-09,0.13854166666666667,chenille,
dupont-aignan,2017-01-10,0.13854166666666667,chenille,
dupont-aignan,2017-01-11,0.10390625,chenille,
dupont-aignan,2017-01-12,0.13854166666666667,chenille,
dupont-aignan,2017-01-13,0.0,chenille,
dupont-aignan,2017-01-14,0.06927083333333334,chenille,
dupont-aignan,2017-01-15,0.0,chenille,
dupont-aignan,2017-01-16,0.06927083333333334,chenille,
dupont-aignan,2017-01-17,0.10390625,chenille,
dupont-aignan,2017-01-18,0.06927083333333334,chenille,
dupont-aignan,2017-01-19,0.06927083333333334,chenille,
dupont-aignan,2017-01-20,0.13854166666666667,chenille,
dupont-aignan,2017-01-21,0.0,chenille,
dupont-aignan,2017-01-22,0.06927083333333334,chenille,
dupont-aignan,2017-01-23,0.10390625,chenille,
dupont-aignan,2017-01-24,0.06927083333333334,chenille,
dupont-aignan,2017-01-25,0.06927083333333334,chenille,
dupont-aignan,2017-01-26,0.13854166666666667,chenille,
dupont-aignan,2017-01-27,0.06927083333333334,chenille,
dupont-aignan,2017-01-28,0.10390625,chenille,
dupont-aignan,2017-01-29,0.17317708333333334,chenille,
dupont-aignan,2017-01-30,0.06927083333333334,chenille,
dupont-aignan,2017-01-31,0.0,chenille,
dupont-aignan,2017-02-01,0.10390625,chenille,
dupont-aignan,2017-02-02,0.06927083333333334,chenille,
dupont-aignan,2017-02-03,0.10390625,chenille,
dupont-aignan,2017-02-04,0.10390625,chenille,
dupont-aignan,2017-02-05,0.06927083333333334,chenille,
dupont-aignan,2017-02-06,0.06927083333333334,chenille,
dupont-aignan,2017-02-07,0.0,chenille,
dupont-aignan,2017-02-08,0.17317708333333334,chenille,
dupont-aignan,2017-02-09,0.31171875000000004,chenille,
dupont-aignan,2017-02-10,0.06927083333333334,chenille,
dupont-aignan,2017-02-11,0.06927083333333334,chenille,
dupont-aignan,2017-02-12,0.06927083333333334,chenille,
dupont-aignan,2017-02-13,0.0,chenille,
dupont-aignan,2017-02-14,0.0,chenille,
dupont-aignan,2017-02-15,0.06927083333333334,chenille,
dupont-aignan,2017-02-16,0.06927083333333334,chenille,
dupont-aignan,2017-02-17,0.06927083333333334,chenille,
dupont-aignan,2017-02-18,0.0,chenille,
dupont-aignan,2017-02-19,0.10390625,chenille,
dupont-aignan,2017-02-20,0.13854166666666667,chenille,
dupont-aignan,2017-02-21,0.17317708333333334,chenille,
dupont-aignan,2017-02-22,0.13854166666666667,chenille,
dupont-aignan,2017-02-23,0.13854166666666667,chenille,
dupont-aignan,2017-02-24,0.13854166666666667,chenille,
dupont-aignan,2017-02-25,0.17317708333333334,chenille,
dupont-aignan,2017-02-26,0.13854166666666667,chenille,
dupont-aignan,2017-02-27,0.06927083333333334,chenille,
dupont-aignan,2017-02-28,0.06927083333333334,chenille,
dupont-aignan,2017-03-01,0.10390625,chenille,
dupont-aignan,2017-03-02,0.06927083333333334,chenille,
dupont-aignan,2017-03-03,0.06927083333333334,chenille,
dupont-aignan,2017-03-04,0.0,chenille,
dupont-aignan,2017-03-05,0.06927083333333334,chenille,
dupont-aignan,2017-03-06,0.06927083333333334,chenille,
dupont-aignan,2017-03-07,0.10390625,chenille,
dupont-aignan,2017-03-08,0.10390625,chenille,
dupont-aignan,2017-03-09,0.13854166666666667,chenille,
dupont-aignan,2017-03-10,0.17317708333333334,chenille,
dupont-aignan,2017-03-11,0.13854166666666667,chenille,
dupont-aignan,2017-03-12,0.10390625,chenille,
dupont-aignan,2017-03-13,0.17317708333333334,chenille,
dupont-aignan,2017-03-14,0.10390625,chenille,
dupont-aignan,2017-03-15,0.17317708333333334,chenille,
dupont-aignan,2017-03-16,0.10390625,chenille,
dupont-aignan,2017-03-17,0.10390625,chenille,
dupont-aignan,2017-03-18,0.6580729166666668,chenille,
dupont-aignan,2017-03-19,3.463541666666667,chenille,
dupont-aignan,2017-03-20,2.6669270833333334,chenille,
dupont-aignan,2017-03-21,1.5239583333333335,chenille,
dupont-aignan,2017-03-22,0.7273437500000001,chenille,
dupont-aignan,2017-03-23,0.3809895833333334,chenille,
dupont-aignan,2017-03-24,0.31171875000000004,chenille,
dupont-aignan,2017-03-25,0.27708333333333335,chenille,
dupont-aignan,2017-03-26,0.3809895833333334,chenille,
dupont-aignan,2017-03-27,0.3809895833333334,chenille,
dupont-aignan,2017-03-28,0.24244791666666665,chenille,
dupont-aignan,2017-03-29,0.24244791666666665,chenille,
dupont-aignan,2017-03-30,0.2078125,chenille,
dupont-aignan,2017-03-31,0.2078125,chenille,
dupont-aignan,2017-04-01,0.3463541666666667,chenille,
dupont-aignan,2017-04-02,0.2078125,chenille,
dupont-aignan,2017-04-03,0.17317708333333334,chenille,
dupont-aignan,2017-04-04,0.17317708333333334,chenille,
dupont-aignan,2017-04-05,0.415625,chenille,
dupont-aignan,2017-04-06,0.2078125,chenille,
dupont-aignan,2017-04-07,0.24244791666666665,chenille,
dupont-aignan,2017-04-08,0.17317708333333334,chenille,
dupont-aignan,2017-04-09,0.24244791666666665,chenille,
dupont-aignan,2017-04-10,0.27708333333333335,chenille,
dupont-aignan,2017-04-11,0.24244791666666665,chenille,
dupont-aignan,2017-04-12,0.27708333333333335,chenille,
dupont-aignan,2017-04-13,0.13854166666666667,chenille,
dupont-aignan,2017-04-14,0.3809895833333334,chenille,
dupont-aignan,2017-04-15,0.2078125,chenille,
dupont-aignan,2017-04-16,0.2078125,chenille,
dupont-aignan,2017-04-17,0.27708333333333335,chenille,
dupont-aignan,2017-04-18,0.31171875000000004,chenille,
dupont-aignan,2017-04-19,0.31171875000000004,chenille,
dupont-aignan,2017-04-20,0.2078125,chenille,
dupont-aignan,2017-04-21,0.5888020833333333,chenille,
dupont-aignan,2017-04-22,0.4848958333333333,chenille,
dupont-aignan,2017-04-23,0.4848958333333333,chenille,
dupont-aignan,2017-04-24,0.3809895833333334,chenille,
dupont-aignan,2017-04-25,0.27708333333333335,chenille,
dupont-aignan,2017-04-26,0.2078125,chenille,
dupont-aignan,2017-04-27,0.27708333333333335,chenille,
dupont-aignan,2017-04-28,0.8658854166666667,chenille,
dupont-aignan,2017-04-29,2.078125,chenille,
dupont-aignan,2017-04-30,1.0736979166666667,chenille,
dupont-aignan,2017-05-01,1.0736979166666667,chenille,
dupont-aignan,2017-05-02,0.6927083333333334,chenille,
dupont-aignan,2017-05-03,0.27708333333333335,chenille,
dupont-aignan,2017-05-04,0.2078125,chenille,
dupont-aignan,2017-05-05,0.5888020833333333,chenille,
dupont-aignan,2017-05-06,0.4502604166666667,chenille,
dupont-aignan,2017-05-07,0.24244791666666665,chenille,
dupont-aignan,2017-05-08,0.17317708333333334,chenille,
dupont-aignan,2017-05-09,0.13854166666666667,chenille,
dupont-aignan,2017-05-10,0.2078125,chenille,
dupont-aignan,2017-05-11,0.17317708333333334,chenille,
dupont-aignan,2017-05-12,0.13854166666666667,chenille,
dupont-aignan,2017-05-13,0.13854166666666667,chenille,
dupont-aignan,2017-05-14,0.10390625,chenille,
dupont-aignan,2017-05-15,0.13854166666666667,chenille,
dupont-aignan,2017-05-16,0.10390625,chenille,
dupont-aignan,2017-05-17,0.13854166666666667,chenille,
dupont-aignan,2017-05-18,0.06927083333333334,chenille,
dupont-aignan,2017-05-19,0.06927083333333334,chenille,
dupont-aignan,2017-05-20,0.17317708333333334,chenille,
dupont-aignan,2017-05-21,0.10390625,chenille,
dupont-aignan,2017-05-22,0.4502604166666667,chenille,
dupont-aignan,2017-05-23,0.10390625,chenille,
dupont-aignan,2017-05-24,0.10390625,chenille,
dupont-aignan,2017-05-25,0.24244791666666665,chenille,
dupont-aignan,2017-05-26,0.13854166666666667,chenille,
dupont-aignan,2017-05-27,0.06927083333333334,chenille,
dupont-aignan,2017-05-28,0.06927083333333334,chenille,
dupont-aignan,2017-05-29,0.13854166666666667,chenille,
dupont-aignan,2017-05-30,0.10390625,chenille,
dupont-aignan,2017-05-31,0.10390625,chenille,
dupont-aignan,2017-06-01,0.0,chenille,
dupont-aignan,2017-06-02,0.06927083333333334,chenille,
dupont-aignan,2017-06-03,0.10390625,chenille,
dupont-aignan,2017-06-04,0.06927083333333334,chenille,
dupont-aignan,2017-06-05,0.06927083333333334,chenille,
dupont-aignan,2017-06-06,0.0,chenille,
dupont-aignan,2017-06-07,0.06927083333333334,chenille,
dupont-aignan,2017-06-08,0.06927083333333334,chenille,
dupont-aignan,2017-06-09,0.06927083333333334,chenille,
dupont-aignan,2017-06-10,0.06927083333333334,chenille,
dupont-aignan,2017-06-11,0.0,chenille,
dupont-aignan,2017-06-12,0.0,chenille,
dupont-aignan,2017-06-13,0.13854166666666667,chenille,
dupont-aignan,2017-06-14,0.0,chenille,
dupont-aignan,2017-06-15,0.0,chenille,
dupont-aignan,2017-06-16,0.10390625,chenille,
dupont-aignan,2017-06-17,0.06927083333333334,chenille,
dupont-aignan,2017-06-18,0.06927083333333334,chenille,
dupont-aignan,2017-06-19,0.06927083333333334,chenille,
dupont-aignan,2017-06-20,0.10390625,chenille,
dupont-aignan,2017-06-21,0.06927083333333334,chenille,
dupont-aignan,2017-06-22,0.0,chenille,
dupont-aignan,2017-06-23,0.10390625,chenille,
dupont-aignan,2017-06-24,0.06927083333333334,chenille,
dupont-aignan,2017-06-25,0.0,chenille,
dupont-aignan,2017-06-26,0.13854166666666667,chenille,
dupont-aignan,2017-06-27,0.0,chenille,
dupont-aignan,2017-06-28,0.06927083333333334,chenille,
dupont-aignan,2017-06-29,0.06927083333333334,chenille,
dupont-aignan,2017-06-30,0.0,chenille,
dupont-aignan,2017-07-01,0.06927083333333334,chenille,
le pen,2016-11-01,4,chat,
le pen,2016-11-02,1,chat,
le pen,2016-11-03,3,chat,
le pen,2016-11-04,1,chat,
le pen,2016-11-05,3,chat,
le pen,2016-11-06,4,chat,
le pen,2016-11-07,2,chat,
le pen,2016-11-08,2,chat,
le pen,2016-11-09,7,chat,
le pen,2016-11-10,6,chat,
le pen,2016-11-11,6,chat,
le pen,2016-11-12,4,chat,
le pen,2016-11-13,6,chat,
le pen,2016-11-14,3,chat,
le pen,2016-11-15,4,chat,
le pen,2016-11-16,3,chat,
le pen,2016-11-17,3,chat,
le pen,2016-11-18,3,chat,
le pen,2016-11-19,3,chat,
le pen,2016-11-20,5,chat,
le pen,2016-11-21,5,chat,
le pen,2016-11-22,5,chat,
le pen,2016-11-23,4,chat,
le pen,2016-11-24,3,chat,
le pen,2016-11-25,3,chat,
le pen,2016-11-26,4,chat,
le pen,2016-11-27,5,chat,
le pen,2016-11-28,4,chat,
le pen,2016-11-29,3,chat,
le pen,2016-11-30,5,chat,
le pen,2016-12-01,4,chat,
le pen,2016-12-02,4,chat,
le pen,2016-12-03,4,chat,
le pen,2016-12-04,3,chat,
le pen,2016-12-05,4,chat,
le pen,2016-12-06,4,chat,
le pen,2016-12-07,2,chat,
le pen,2016-12-08,4,chat,
le pen,2016-12-09,4,chat,
le pen,2016-12-10,3,chat,
le pen,2016-12-11,5,chat,
le pen,2016-12-12,2,chat,
le pen,2016-12-13,3,chat,
le pen,2016-12-14,3,chat,
le pen,2016-12-15,3,chat,
le pen,2016-12-16,2,chat,
le pen,2016-12-17,3,chat,
le pen,2016-12-18,4,chat,
le pen,2016-12-19,4,chat,
le pen,2016-12-20,3,chat,
le pen,2016-12-21,3,chat,
le pen,2016-12-22,3,chat,
le pen,2016-12-23,2,chat,
le pen,2016-12-24,2,chat,
le pen,2016-12-25,5,chat,
le pen,2016-12-26,2,chat,
le pen,2016-12-27,3,chat,
le pen,2016-12-28,2,chat,
le pen,2016-12-29,3,chat,
le pen,2016-12-30,2,chat,
le pen,2016-12-31,2,chat,
le pen,2017-01-01,5,chat,
le pen,2017-01-02,2,chat,
le pen,2017-01-03,4,chat,
le pen,2017-01-04,4,chat,
le pen,2017-01-05,3,chat,
le pen,2017-01-06,4,chat,
le pen,2017-01-07,3,chat,
le pen,2017-01-08,5,chat,
le pen,2017-01-09,2,chat,
le pen,2017-01-10,2,chat,
le pen,2017-01-11,3,chat,
le pen,2017-01-12,2,chat,
le pen,2017-01-13,4,chat,
le pen,2017-01-14,3,chat,
le pen,2017-01-15,2,chat,
le pen,2017-01-16,4,chat,
le pen,2017-01-17,4,chat,
le pen,2017-01-18,3,chat,
le pen,2017-01-19,4,chat,
le pen,2017-01-20,3,chat,
le pen,2017-01-21,3,chat,
le pen,2017-01-22,4,chat,
le pen,2017-01-23,4,chat,
le pen,2017-01-24,4,chat,
le pen,2017-01-25,3,chat,
le pen,2017-01-26,3,chat,
le pen,2017-01-27,6,chat,
le pen,2017-01-28,3,chat,
le pen,2017-01-29,4,chat,
le pen,2017-01-30,3,chat,
le pen,2017-01-31,4,chat,
le pen,2017-02-01,6,chat,
le pen,2017-02-02,6,chat,
le pen,2017-02-03,5,chat,
le pen,2017-02-04,6,chat,
le pen,2017-02-05,15,chat,
le pen,2017-02-06,12,chat,
le pen,2017-02-07,15,chat,
le pen,2017-02-08,13,chat,
le pen,2017-02-09,14,chat,
le pen,2017-02-10,25,chat,
le pen,2017-02-11,22,chat,
le pen,2017-02-12,15,chat,
le pen,2017-02-13,9,chat,
le pen,2017-02-14,9,chat,
le pen,2017-02-15,8,chat,
le pen,2017-02-16,5,chat,
le pen,2017-02-17,6,chat,
le pen,2017-02-18,10,chat,
le pen,2017-02-19,4,chat,
le pen,2017-02-20,7,chat,
le pen,2017-02-21,7,chat,
le pen,2017-02-22,9,chat,
le pen,2017-02-23,8,chat,
le pen,2017-02-24,8,chat,
le pen,2017-02-25,9,chat,
le pen,2017-02-26,11,chat,
le pen,2017-02-27,7,chat,
le pen,2017-02-28,9,chat,
le pen,2017-03-01,6,chat,
le pen,2017-03-02,7,chat,
le pen,2017-03-03,8,chat,
le pen,2017-03-04,6,chat,
le pen,2017-03-05,8,chat,
le pen,2017-03-06,6,chat,
le pen,2017-03-07,4,chat,
le pen,2017-03-08,7,chat,
le pen,2017-03-09,7,chat,
le pen,2017-03-10,7,chat,
le pen,2017-03-11,8,chat,
le pen,2017-03-12,9,chat,
le pen,2017-03-13,7,chat,
le pen,2017-03-14,8,chat,
le pen,2017-03-15,7,chat,
le pen,2017-03-16,8,chat,
le pen,2017-03-17,6,chat,
le pen,2017-03-18,12,chat,
le pen,2017-03-19,10,chat,
le pen,2017-03-20,10,chat,
le pen,2017-03-21,18,chat,
le pen,2017-03-22,14,chat,
le pen,2017-03-23,13,chat,
le pen,2017-03-24,15,chat,
le pen,2017-03-25,13,chat,
le pen,2017-03-26,12,chat,
le pen,2017-03-27,10,chat,
le pen,2017-03-28,12,chat,
le pen,2017-03-29,15,chat,
le pen,2017-03-30,12,chat,
le pen,2017-03-31,9,chat,
le pen,2017-04-01,10,chat,
le pen,2017-04-02,11,chat,
le pen,2017-04-03,11,chat,
le pen,2017-04-04,9,chat,
le pen,2017-04-05,18,chat,
le pen,2017-04-06,10,chat,
le pen,2017-04-07,10,chat,
le pen,2017-04-08,11,chat,
le pen,2017-04-09,13,chat,
le pen,2017-04-10,17,chat,
le pen,2017-04-11,12,chat,
le pen,2017-04-12,12,chat,
le pen,2017-04-13,11,chat,
le pen,2017-04-14,12,chat,
le pen,2017-04-15,14,chat,
le pen,2017-04-16,14,chat,
le pen,2017-04-17,18,chat,
le pen,2017-04-18,19,chat,
le pen,2017-04-19,18,chat,
le pen,2017-04-20,16,chat,
le pen,2017-04-21,23,chat,
le pen,2017-04-22,20,chat,
le pen,2017-04-23,32,chat,
le pen,2017-04-24,37,chat,
le pen,2017-04-25,36,chat,
le pen,2017-04-26,44,chat,
le pen,2017-04-27,31,chat,
le pen,2017-04-28,33,chat,
le pen,2017-04-29,33,chat,
le pen,2017-04-30,31,chat,
le pen,2017-05-01,26,chat,
le pen,2017-05-02,24,chat,
le pen,2017-05-03,37,chat,
le pen,2017-05-04,100,chat,
le pen,2017-05-05,55,chat,
le pen,2017-05-06,47,chat,
le pen,2017-05-07,46,chat,
le pen,2017-05-08,41,chat,
le pen,2017-05-09,28,chat,
le pen,2017-05-10,21,chat,
le pen,2017-05-11,14,chat,
le pen,2017-05-12,15,chat,
le pen,2017-05-13,13,chat,
le pen,2017-05-14,11,chat,
le pen,2017-05-15,9,chat,
le pen,2017-05-16,8,chat,
le pen,2017-05-17,9,chat,
le pen,2017-05-18,6,chat,
le pen,2017-05-19,10,chat,
le pen,2017-05-20,11,chat,
le pen,2017-05-21,8,chat,
le pen,2017-05-22,6,chat,
le pen,2017-05-23,4,chat,
le pen,2017-05-24,7,chat,
le pen,2017-05-25,6,chat,
le pen,2017-05-26,7,chat,
le pen,2017-05-27,7,chat,
le pen,2017-05-28,5,chat,
le pen,2017-05-29,5,chat,
le pen,2017-05-30,5,chat,
le pen,2017-05-31,6,chat,
le pen,2017-06-01,6,chat,
le pen,2017-06-02,6,chat,
le pen,2017-06-03,8,chat,
le pen,2017-06-04,7,chat,
le pen,2017-06-05,5,chat,
le pen,2017-06-06,4,chat,
le pen,2017-06-07,7,chat,
le pen,2017-06-08,5,chat,
le pen,2017-06-09,6,chat,
le pen,2017-06-10,6,chat,
le pen,2017-06-11,4,chat,
le pen,2017-06-12,4,chat,
le pen,2017-06-13,4,chat,
le pen,2017-06-14,5,chat,
le pen,2017-06-15,3,chat,
le pen,2017-06-16,5,chat,
le pen,2017-06-17,4,chat,
le pen,2017-06-18,5,chat,
le pen,2017-06-19,4,chat,
le pen,2017-06-20,4,chat,
le pen,2017-06-21,5,chat,
le pen,2017-06-22,3,chat,
le pen,2017-06-23,6,chat,
le pen,2017-06-24,6,chat,
le pen,2017-06-25,6,chat,
le pen,2017-06-26,4,chat,
le pen,2017-06-27,4,chat,
le pen,2017-06-28,3,chat,
le pen,2017-06-29,3,chat,
le pen,2017-06-30,3,chat,
le pen,2017-07-01,8,chat,
mélenchon,2016-11-01,4,chat,
mélenchon,2016-11-02,3,chat,
mélenchon,2016-11-03,3,chat,
mélenchon,2016-11-04,3,chat,
mélenchon,2016-11-05,4,chat,
mélenchon,2016-11-06,4,chat,
mélenchon,2016-11-07,4,chat,
mélenchon,2016-11-08,3,chat,
mélenchon,2016-11-09,4,chat,
mélenchon,2016-11-10,6,chat,
mélenchon,2016-11-11,6,chat,
mélenchon,2016-11-12,6,chat,
mélenchon,2016-11-13,5,chat,
mélenchon,2016-11-14,5,chat,
mélenchon,2016-11-15,4,chat,
mélenchon,2016-11-16,4,chat,
mélenchon,2016-11-17,8,chat,
mélenchon,2016-11-18,6,chat,
mélenchon,2016-11-19,7,chat,
mélenchon,2016-11-20,6,chat,
mélenchon,2016-11-21,7,chat,
mélenchon,2016-11-22,7,chat,
mélenchon,2016-11-23,8,chat,
mélenchon,2016-11-24,5,chat,
mélenchon,2016-11-25,6,chat,
mélenchon,2016-11-26,7,chat,
mélenchon,2016-11-27,12,chat,
mélenchon,2016-11-28,20,chat,
mélenchon,2016-11-29,15,chat,
mélenchon,2016-11-30,17,chat,
mélenchon,2016-12-01,14,chat,
mélenchon,2016-12-02,18,chat,
mélenchon,2016-12-03,14,chat,
mélenchon,2016-12-04,13,chat,
mélenchon,2016-12-05,14,chat,
mélenchon,2016-12-06,15,chat,
mélenchon,2016-12-07,10,chat,
mélenchon,2016-12-08,12,chat,
mélenchon,2016-12-09,13,chat,
mélenchon,2016-12-10,13,chat,
mélenchon,2016-12-11,12,chat,
mélenchon,2016-12-12,12,chat,
mélenchon,2016-12-13,14,chat,
mélenchon,2016-12-14,21,chat,
mélenchon,2016-12-15,13,chat,
mélenchon,2016-12-16,12,chat,
mélenchon,2016-12-17,15,chat,
mélenchon,2016-12-18,13,chat,
mélenchon,2016-12-19,11,chat,
mélenchon,2016-12-20,11,chat,
mélenchon,2016-12-21,13,chat,
mélenchon,2016-12-22,13,chat,
mélenchon,2016-12-23,8,chat,
mélenchon,2016-12-24,7,chat,
mélenchon,2016-12-25,9,chat,
mélenchon,2016-12-26,8,chat,
mélenchon,2016-12-27,8,chat,
mélenchon,2016-12-28,15,chat,
mélenchon,2016-12-29,13,chat,
mélenchon,2016-12-30,9,chat,
mélenchon,2016-12-31,11,chat,
mélenchon,2017-01-01,8,chat,
mélenchon,2017-01-02,11,chat,
mélenchon,2017-01-03,9,chat,
mélenchon,2017-01-04,12,chat,
mélenchon,2017-01-05,17,chat,
mélenchon,2017-01-06,15,chat,
mélenchon,2017-01-07,13,chat,
mélenchon,2017-01-08,18,chat,
mélenchon,2017-01-09,17,chat,
mélenchon,2017-01-10,16,chat,
mélenchon,2017-01-11,19,chat,
mélenchon,2017-01-12,19,chat,
mélenchon,2017-01-13,17,chat,
mélenchon,2017-01-14,16,chat,
mélenchon,2017-01-15,17,chat,
mélenchon,2017-01-16,14,chat,
mélenchon,2017-01-17,14,chat,
mélenchon,2017-01-18,14,chat,
mélenchon,2017-01-19,18,chat,
mélenchon,2017-01-20,12,chat,
mélenchon,2017-01-21,13,chat,
mélenchon,2017-01-22,17,chat,
mélenchon,2017-01-23,15,chat,
mélenchon,2017-01-24,16,chat,
mélenchon,2017-01-25,17,chat,
mélenchon,2017-01-26,19,chat,
mélenchon,2017-01-27,22,chat,
mélenchon,2017-01-28,19,chat,
mélenchon,2017-01-29,19,chat,
mélenchon,2017-01-30,20,chat,
mélenchon,2017-01-31,22,chat,
mélenchon,2017-02-01,22,chat,
mélenchon,2017-02-02,21,chat,
mélenchon,2017-02-03,17,chat,
mélenchon,2017-02-04,24,chat,
mélenchon,2017-02-05,58,chat,
mélenchon,2017-02-06,37,chat,
mélenchon,2017-02-07,26,chat,
mélenchon,2017-02-08,17,chat,
mélenchon,2017-02-09,15,chat,
mélenchon,2017-02-10,14,chat,
mélenchon,2017-02-11,17,chat,
mélenchon,2017-02-12,21,chat,
mélenchon,2017-02-13,17,chat,
mélenchon,2017-02-14,14,chat,
mélenchon,2017-02-15,16,chat,
mélenchon,2017-02-16,13,chat,
mélenchon,2017-02-17,13,chat,
mélenchon,2017-02-18,15,chat,
mélenchon,2017-02-19,37,chat,
mélenchon,2017-02-20,21,chat,
mélenchon,2017-02-21,16,chat,
mélenchon,2017-02-22,14,chat,
mélenchon,2017-02-23,22,chat,
mélenchon,2017-02-24,27,chat,
mélenchon,2017-02-25,26,chat,
mélenchon,2017-02-26,19,chat,
mélenchon,2017-02-27,12,chat,
mélenchon,2017-02-28,19,chat,
mélenchon,2017-03-01,14,chat,
mélenchon,2017-03-02,12,chat,
mélenchon,2017-03-03,14,chat,
mélenchon,2017-03-04,14,chat,
mélenchon,2017-03-05,18,chat,
mélenchon,2017-03-06,13,chat,
mélenchon,2017-03-07,13,chat,
mélenchon,2017-03-08,13,chat,
mélenchon,2017-03-09,13,chat,
mélenchon,2017-03-10,14,chat,
mélenchon,2017-03-11,13,chat,
mélenchon,2017-03-12,25,chat,
mélenchon,2017-03-13,16,chat,
mélenchon,2017-03-14,22,chat,
mélenchon,2017-03-15,22,chat,
mélenchon,2017-03-16,22,chat,
mélenchon,2017-03-17,25,chat,
mélenchon,2017-03-18,34,chat,
mélenchon,2017-03-19,28,chat,
mélenchon,2017-03-20,27,chat,
mélenchon,2017-03-21,61,chat,
mélenchon,2017-03-22,45,chat,
mélenchon,2017-03-23,47,chat,
mélenchon,2017-03-24,38,chat,
mélenchon,2017-03-25,39,chat,
mélenchon,2017-03-26,41,chat,
mélenchon,2017-03-27,33,chat,
mélenchon,2017-03-28,29,chat,
mélenchon,2017-03-29,36,chat,
mélenchon,2017-03-30,34,chat,
mélenchon,2017-03-31,33,chat,
mélenchon,2017-04-01,25,chat,
mélenchon,2017-04-02,39,chat,
mélenchon,2017-04-03,33,chat,
mélenchon,2017-04-04,26,chat,
mélenchon,2017-04-05,44,chat,
mélenchon,2017-04-06,36,chat,
mélenchon,2017-04-07,37,chat,
mélenchon,2017-04-08,40,chat,
mélenchon,2017-04-09,86,chat,
mélenchon,2017-04-10,57,chat,
mélenchon,2017-04-11,46,chat,
mélenchon,2017-04-12,65,chat,
mélenchon,2017-04-13,62,chat,
mélenchon,2017-04-14,56,chat,
mélenchon,2017-04-15,63,chat,
mélenchon,2017-04-16,75,chat,
mélenchon,2017-04-17,71,chat,
mélenchon,2017-04-18,76,chat,
mélenchon,2017-04-19,67,chat,
mélenchon,2017-04-20,58,chat,
mélenchon,2017-04-21,68,chat,
mélenchon,2017-04-22,72,chat,
mélenchon,2017-04-23,73,chat,
mélenchon,2017-04-24,56,chat,
mélenchon,2017-04-25,36,chat,
mélenchon,2017-04-26,34,chat,
mélenchon,2017-04-27,25,chat,
mélenchon,2017-04-28,100,chat,
mélenchon,2017-04-29,32,chat,
mélenchon,2017-04-30,35,chat,
mélenchon,2017-05-01,30,chat,
mélenchon,2017-05-02,25,chat,
mélenchon,2017-05-03,19,chat,
mélenchon,2017-05-04,23,chat,
mélenchon,2017-05-05,18,chat,
mélenchon,2017-05-06,17,chat,
mélenchon,2017-05-07,26,chat,
mélenchon,2017-05-08,26,chat,
mélenchon,2017-05-09,20,chat,
mélenchon,2017-05-10,24,chat,
mélenchon,2017-05-11,15,chat,
mélenchon,2017-05-12,16,chat,
mélenchon,2017-05-13,24,chat,
mélenchon,2017-05-14,20,chat,
mélenchon,2017-05-15,10,chat,
mélenchon,2017-05-16,12,chat,
mélenchon,2017-05-17,10,chat,
mélenchon,2017-05-18,13,chat,
mélenchon,2017-05-19,13,chat,
mélenchon,2017-05-20,13,chat,
mélenchon,2017-05-21,13,chat,
mélenchon,2017-05-22,8,chat,
mélenchon,2017-05-23,11,chat,
mélenchon,2017-05-24,10,chat,
mélenchon,2017-05-25,14,chat,
mélenchon,2017-05-26,11,chat,
mélenchon,2017-05-27,10,chat,
mélenchon,2017-05-28,10,chat,
mélenchon,2017-05-29,9,chat,
mélenchon,2017-05-30,9,chat,
mélenchon,2017-05-31,11,chat,
mélenchon,2017-06-01,8,chat,
mélenchon,2017-06-02,9,chat,
mélenchon,2017-06-03,9,chat,
mélenchon,2017-06-04,10,chat,
mélenchon,2017-06-05,7,chat,
mélenchon,2017-06-06,7,chat,
mélenchon,2017-06-07,10,chat,
mélenchon,2017-06-08,7,chat,
mélenchon,2017-06-09,9,chat,
mélenchon,2017-06-10,9,chat,
mélenchon,2017-06-11,10,chat,
mélenchon,2017-06-12,7,chat,
mélenchon,2017-06-13,7,chat,
mélenchon,2017-06-14,5,chat,
mélenchon,2017-06-15,5,chat,
mélenchon,2017-06-16,8,chat,
mélenchon,2017-06-17,6,chat,
mélenchon,2017-06-18,7,chat,
mélenchon,2017-06-19,7,chat,
mélenchon,2017-06-20,9,chat,
mélenchon,2017-06-21,7,chat,
mélenchon,2017-06-22,7,chat,
mélenchon,2017-06-23,6,chat,
mélenchon,2017-06-24,7,chat,
mélenchon,2017-06-25,8,chat,
mélenchon,2017-06-26,6,chat,
mélenchon,2017-06-27,4,chat,
mélenchon,2017-06-28,6,chat,
mélenchon,2017-06-29,9,chat,
mélenchon,2017-06-30,7,chat,
mélenchon,2017-07-01,5,chat,
arthaud,2016-11-01,0.0,vipère,
arthaud,2016-11-02,0.0,vipère,
arthaud,2016-11-03,0.0,vipère,
arthaud,2016-11-04,0.17317708333333334,vipère,
arthaud,2016-11-05,0.0,vipère,
arthaud,2016-11-06,0.0,vipère,
arthaud,2016-11-07,0.0,vipère,
arthaud,2016-11-08,0.0,vipère,
arthaud,2016-11-09,0.0,vipère,
arthaud,2016-11-10,0.0,vipère,
arthaud,2016-11-11,0.0,vipère,
arthaud,2016-11-12,0.0,vipère,
arthaud,2016-11-13,0.0,vipère,
arthaud,2016-11-14,0.0,vipère,
arthaud,2016-11-15,0.0,vipère,
arthaud,2016-11-16,0.0,vipère,
arthaud,2016-11-17,0.0,vipère,
arthaud,2016-11-18,0.0,vipère,
arthaud,2016-11-19,0.0,vipère,
arthaud,2016-11-20,0.0,vipère,
arthaud,2016-11-21,0.0,vipère,
arthaud,2016-11-22,0.16163194444444448,vipère,
arthaud,2016-11-23,0.0,vipère,
arthaud,2016-11-24,0.0,vipère,
arthaud,2016-11-25,0.0,vipère,
arthaud,2016-11-26,0.0,vipère,
arthaud,2016-11-27,0.0,vipère,
arthaud,2016-11-28,0.0,vipère,
arthaud,2016-11-29,0.0,vipère,
arthaud,2016-11-30,0.0,vipère,
arthaud,2016-12-01,0.16740451388888888,vipère,
arthaud,2016-12-02,0.0,vipère,
arthaud,2016-12-03,0.1789496527777778,vipère,
arthaud,2016-12-04,0.0,vipère,
arthaud,2016-12-05,0.0,vipère,
arthaud,2016-12-06,0.0,vipère,
arthaud,2016-12-07,0.0,vipère,
arthaud,2016-12-08,0.0,vipère,
arthaud,2016-12-09,0.0,vipère,
arthaud,2016-12-10,0.0,vipère,
arthaud,2016-12-11,0.0,vipère,
arthaud,2016-12-12,0.0,vipère,
arthaud,2016-12-13,0.0,vipère,
arthaud,2016-12-14,0.0,vipère,
arthaud,2016-12-15,0.0,vipère,
arthaud,2016-12-16,0.0,vipère,
arthaud,2016-12-17,0.0,vipère,
arthaud,2016-12-18,0.0,vipère,
arthaud,2016-12-19,0.0,vipère,
arthaud,2016-12-20,0.0,vipère,
arthaud,2016-12-21,0.16740451388888888,vipère,
arthaud,2016-12-22,0.0,vipère,
arthaud,2016-12-23,0.0,vipère,
arthaud,2016-12-24,0.22513020833333336,vipère,
arthaud,2016-12-25,0.0,vipère,
arthaud,2016-12-26,0.0,vipère,
arthaud,2016-12-27,0.0,vipère,
arthaud,2016-12-28,0.0,vipère,
arthaud,2016-12-29,0.0,vipère,
arthaud,2016-12-30,0.0,vipère,
arthaud,2016-12-31,0.0,vipère,
arthaud,2017-01-01,0.0,vipère,
arthaud,2017-01-02,0.0,vipère,
arthaud,2017-01-03,0.0,vipère,
arthaud,2017-01-04,0.0,vipère,
arthaud,2017-01-05,0.0,vipère,
arthaud,2017-01-06,0.16740451388888888,vipère,
arthaud,2017-01-07,0.0,vipère,
arthaud,2017-01-08,0.16740451388888888,vipère,
arthaud,2017-01-09,0.0,vipère,
arthaud,2017-01-10,0.0,vipère,
arthaud,2017-01-11,0.15008680555555556,vipère,
arthaud,2017-01-12,0.0,vipère,
arthaud,2017-01-13,0.0,vipère,
arthaud,2017-01-14,0.0,vipère,
arthaud,2017-01-15,0.0,vipère,
arthaud,2017-01-16,0.0,vipère,
arthaud,2017-01-17,0.0,vipère,
arthaud,2017-01-18,0.0,vipère,
arthaud,2017-01-19,0.0,vipère,
arthaud,2017-01-20,0.0,vipère,
arthaud,2017-01-21,0.0,vipère,
arthaud,2017-01-22,0.16163194444444448,vipère,
arthaud,2017-01-23,0.0,vipère,
arthaud,2017-01-24,0.0,vipère,
arthaud,2017-01-25,0.0,vipère,
arthaud,2017-01-26,0.0,vipère,
arthaud,2017-01-27,0.0,vipère,
arthaud,2017-01-28,0.0,vipère,
arthaud,2017-01-29,0.0,vipère,
arthaud,2017-01-30,0.0,vipère,
arthaud,2017-01-31,0.0,vipère,
arthaud,2017-02-01,0.0,vipère,
arthaud,2017-02-02,0.0,vipère,
arthaud,2017-02-03,0.0,vipère,
arthaud,2017-02-04,0.0,vipère,
arthaud,2017-02-05,0.0,vipère,
arthaud,2017-02-06,0.0,vipère,
arthaud,2017-02-07,0.0,vipère,
arthaud,2017-02-08,0.15585937500000002,vipère,
arthaud,2017-02-09,0.16163194444444448,vipère,
arthaud,2017-02-10,0.0,vipère,
arthaud,2017-02-11,0.0,vipère,
arthaud,2017-02-12,0.0,vipère,
arthaud,2017-02-13,0.0,vipère,
arthaud,2017-02-14,0.0,vipère,
arthaud,2017-02-15,0.0,vipère,
arthaud,2017-02-16,0.0,vipère,
arthaud,2017-02-17,0.0,vipère,
arthaud,2017-02-18,0.0,vipère,
arthaud,2017-02-19,0.0,vipère,
arthaud,2017-02-20,0.0,vipère,
arthaud,2017-02-21,0.0,vipère,
arthaud,2017-02-22,0.0,vipère,
arthaud,2017-02-23,0.16163194444444448,vipère,
arthaud,2017-02-24,0.0,vipère,
arthaud,2017-02-25,0.36944444444444446,vipère,
arthaud,2017-02-26,0.16740451388888888,vipère,
arthaud,2017-02-27,0.0,vipère,
arthaud,2017-02-28,0.0,vipère,
arthaud,2017-03-01,0.14431423611111113,vipère,
arthaud,2017-03-02,0.0,vipère,
arthaud,2017-03-03,0.15585937500000002,vipère,
arthaud,2017-03-04,0.16163194444444448,vipère,
arthaud,2017-03-05,0.0,vipère,
arthaud,2017-03-06,0.2828559027777778,vipère,
arthaud,2017-03-07,0.0,vipère,
arthaud,2017-03-08,0.0,vipère,
arthaud,2017-03-09,0.15585937500000002,vipère,
arthaud,2017-03-10,0.16740451388888888,vipère,
arthaud,2017-03-11,0.0,vipère,
arthaud,2017-03-12,0.16163194444444448,vipère,
arthaud,2017-03-13,0.14431423611111113,vipère,
arthaud,2017-03-14,0.3174913194444445,vipère,
arthaud,2017-03-15,0.15585937500000002,vipère,
arthaud,2017-03-16,0.0,vipère,
arthaud,2017-03-17,0.0,vipère,
arthaud,2017-03-18,0.34058159722222225,vipère,
arthaud,2017-03-19,0.0,vipère,
arthaud,2017-03-20,0.23090277777777782,vipère,
arthaud,2017-03-21,0.15585937500000002,vipère,
arthaud,2017-03-22,0.30594618055555556,vipère,
arthaud,2017-03-23,0.15585937500000002,vipère,
arthaud,2017-03-24,0.32326388888888896,vipère,
arthaud,2017-03-25,0.1789496527777778,vipère,
arthaud,2017-03-26,0.1789496527777778,vipère,
arthaud,2017-03-27,0.15585937500000002,vipère,
arthaud,2017-03-28,0.16163194444444448,vipère,
arthaud,2017-03-29,0.0,vipère,
arthaud,2017-03-30,0.16740451388888888,vipère,
arthaud,2017-03-31,0.0,vipère,
arthaud,2017-04-01,0.3463541666666667,vipère,
arthaud,2017-04-02,0.17317708333333334,vipère,
arthaud,2017-04-03,0.0,vipère,
arthaud,2017-04-04,0.16163194444444448,vipère,
arthaud,2017-04-05,0.5772569444444445,vipère,
arthaud,2017-04-06,0.4387152777777778,vipère,
arthaud,2017-04-07,0.40985243055555565,vipère,
arthaud,2017-04-08,0.20203993055555555,vipère,
arthaud,2017-04-09,0.2655381944444445,vipère,
arthaud,2017-04-10,0.15585937500000002,vipère,
arthaud,2017-04-11,0.24244791666666665,vipère,
arthaud,2017-04-12,0.2713107638888889,vipère,
arthaud,2017-04-13,0.16740451388888888,vipère,
arthaud,2017-04-14,0.17317708333333334,vipère,
arthaud,2017-04-15,0.2828559027777778,vipère,
arthaud,2017-04-16,0.1904947916666667,vipère,
arthaud,2017-04-17,0.1789496527777778,vipère,
arthaud,2017-04-18,0.0,vipère,
arthaud,2017-04-19,0.3174913194444445,vipère,
arthaud,2017-04-20,0.16163194444444448,vipère,
arthaud,2017-04-21,0.16740451388888888,vipère,
arthaud,2017-04-22,0.30594618055555556,vipère,
arthaud,2017-04-23,0.16740451388888888,vipère,
arthaud,2017-04-24,0.15008680555555556,vipère,
arthaud,2017-04-25,0.15585937500000002,vipère,
arthaud,2017-04-26,0.3001736111111111,vipère,
arthaud,2017-04-27,0.0,vipère,
arthaud,2017-04-28,0.0,vipère,
arthaud,2017-04-29,0.0,vipère,
arthaud,2017-04-30,0.0,vipère,
arthaud,2017-05-01,0.0,vipère,
arthaud,2017-05-02,0.15008680555555556,vipère,
arthaud,2017-05-03,0.15008680555555556,vipère,
arthaud,2017-05-04,0.0,vipère,
arthaud,2017-05-05,0.0,vipère,
arthaud,2017-05-06,0.0,vipère,
arthaud,2017-05-07,0.16163194444444448,vipère,
arthaud,2017-05-08,0.16163194444444448,vipère,
arthaud,2017-05-09,0.0,vipère,
arthaud,2017-05-10,0.0,vipère,
arthaud,2017-05-11,0.0,vipère,
arthaud,2017-05-12,0.0,vipère,
arthaud,2017-05-13,0.0,vipère,
arthaud,2017-05-14,0.0,vipère,
arthaud,2017-05-15,0.15585937500000002,vipère,
macron,2016-11-01,1,chat,
macron,2016-11-02,0,chat,
macron,2016-11-03,1,chat,
macron,2016-11-04,1,chat,
macron,2016-11-05,0,chat,
macron,2016-11-06,0,chat,
macron,2016-11-07,0,chat,
macron,2016-11-08,0,chat,
macron,2016-11-09,0,chat,
macron,2016-11-10,0,chat,
macron,2016-11-11,0,chat,
macron,2016-11-12,0,chat,
macron,2016-11-13,0,chat,
macron,2016-11-14,0,chat,
macron,2016-11-15,0,chat,
macron,2016-11-16,5,chat,
macron,2016-11-17,2,chat,
macron,2016-11-18,2,chat,
macron,2016-11-19,1,chat,
macron,2016-11-20,2,chat,
macron,2016-11-21,1,chat,
macron,2016-11-22,1,chat,
macron,2016-11-23,1,chat,
macron,2016-11-24,1,chat,
macron,2016-11-25,1,chat,
macron,2016-11-26,1,chat,
macron,2016-11-27,1,chat,
macron,2016-11-28,2,chat,
macron,2016-11-29,1,chat,
macron,2016-11-30,2,chat,
macron,2016-12-01,1,chat,
macron,2016-12-02,1,chat,
macron,2016-12-03,1,chat,
macron,2016-12-04,2,chat,
macron,2016-12-05,1,chat,
macron,2016-12-06,1,chat,
macron,2016-12-07,1,chat,
macron,2016-12-08,2,chat,
macron,2016-12-09,2,chat,
macron,2016-12-10,4,chat,
macron,2016-12-11,16,chat,
macron,2016-12-12,16,chat,
macron,2016-12-13,10,chat,
macron,2016-12-14,6,chat,
macron,2016-12-15,5,chat,
macron,2016-12-16,4,chat,
macron,2016-12-17,5,chat,
macron,2016-12-18,5,chat,
macron,2016-12-19,3,chat,
macron,2016-12-20,2,chat,
macron,2016-12-21,4,chat,
macron,2016-12-22,2,chat,
macron,2016-12-23,3,chat,
macron,2016-12-24,2,chat,
macron,2016-12-25,2,chat,
macron,2016-12-26,1,chat,
macron,2016-12-27,1,chat,
macron,2016-12-28,2,chat,
macron,2016-12-29,1,chat,
macron,2016-12-30,1,chat,
macron,2016-12-31,2,chat,
macron,2017-01-01,2,chat,
macron,2017-01-02,1,chat,
macron,2017-01-03,1,chat,
macron,2017-01-04,1,chat,
macron,2017-01-05,2,chat,
macron,2017-01-06,2,chat,
macron,2017-01-07,3,chat,
macron,2017-01-08,3,chat,
macron,2017-01-09,2,chat,
macron,2017-01-10,2,chat,
macron,2017-01-11,2,chat,
macron,2017-01-12,1,chat,
macron,2017-01-13,3,chat,
macron,2017-01-14,2,chat,
macron,2017-01-15,3,chat,
macron,2017-01-16,2,chat,
macron,2017-01-17,3,chat,
macron,2017-01-18,3,chat,
macron,2017-01-19,5,chat,
macron,2017-01-20,2,chat,
macron,2017-01-21,3,chat,
macron,2017-01-22,3,chat,
macron,2017-01-23,2,chat,
macron,2017-01-24,3,chat,
macron,2017-01-25,2,chat,
macron,2017-01-26,3,chat,
macron,2017-01-27,3,chat,
macron,2017-01-28,3,chat,
macron,2017-01-29,3,chat,
macron,2017-01-30,4,chat,
macron,2017-01-31,2,chat,
macron,2017-02-01,4,chat,
macron,2017-02-02,4,chat,
macron,2017-02-03,3,chat,
macron,2017-02-04,7,chat,
macron,2017-02-05,8,chat,
macron,2017-02-06,5,chat,
macron,2017-02-07,3,chat,
macron,2017-02-08,4,chat,
macron,2017-02-09,4,chat,
macron,2017-02-10,4,chat,
macron,2017-02-11,5,chat,
macron,2017-02-12,3,chat,
macron,2017-02-13,3,chat,
macron,2017-02-14,4,chat,
macron,2017-02-15,4,chat,
macron,2017-02-16,4,chat,
macron,2017-02-17,4,chat,
macron,2017-02-18,6,chat,
macron,2017-02-19,3,chat,
macron,2017-02-20,2,chat,
macron,2017-02-21,3,chat,
macron,2017-02-22,3,chat,
macron,2017-02-23,4,chat,
macron,2017-02-24,6,chat,
macron,2017-02-25,4,chat,
macron,2017-02-26,4,chat,
macron,2017-02-27,3,chat,
macron,2017-02-28,3,chat,
macron,2017-03-01,8,chat,
macron,2017-03-02,11,chat,
macron,2017-03-03,8,chat,
macron,2017-03-04,5,chat,
macron,2017-03-05,6,chat,
macron,2017-03-06,4,chat,
macron,2017-03-07,5,chat,
macron,2017-03-08,4,chat,
macron,2017-03-09,5,chat,
macron,2017-03-10,4,chat,
macron,2017-03-11,4,chat,
macron,2017-03-12,6,chat,
macron,2017-03-13,7,chat,
macron,2017-03-14,7,chat,
macron,2017-03-15,7,chat,
macron,2017-03-16,7,chat,
macron,2017-03-17,4,chat,
macron,2017-03-18,5,chat,
macron,2017-03-19,8,chat,
macron,2017-03-20,6,chat,
macron,2017-03-21,11,chat,
macron,2017-03-22,9,chat,
macron,2017-03-23,8,chat,
macron,2017-03-24,7,chat,
macron,2017-03-25,8,chat,
macron,2017-03-26,8,chat,
macron,2017-03-27,5,chat,
macron,2017-03-28,6,chat,
macron,2017-03-29,8,chat,
macron,2017-03-30,5,chat,
macron,2017-03-31,6,chat,
macron,2017-04-01,8,chat,
macron,2017-04-02,7,chat,
macron,2017-04-03,7,chat,
macron,2017-04-04,7,chat,
macron,2017-04-05,9,chat,
macron,2017-04-06,11,chat,
macron,2017-04-07,16,chat,
macron,2017-04-08,11,chat,
macron,2017-04-09,11,chat,
macron,2017-04-10,8,chat,
macron,2017-04-11,10,chat,
macron,2017-04-12,8,chat,
macron,2017-04-13,9,chat,
macron,2017-04-14,12,chat,
macron,2017-04-15,13,chat,
macron,2017-04-16,11,chat,
macron,2017-04-17,20,chat,
macron,2017-04-18,15,chat,
macron,2017-04-19,14,chat,
macron,2017-04-20,12,chat,
macron,2017-04-21,15,chat,
macron,2017-04-22,17,chat,
macron,2017-04-23,37,chat,
macron,2017-04-24,48,chat,
macron,2017-04-25,37,chat,
macron,2017-04-26,39,chat,
macron,2017-04-27,34,chat,
macron,2017-04-28,32,chat,
macron,2017-04-29,24,chat,
macron,2017-04-30,19,chat,
macron,2017-05-01,20,chat,
macron,2017-05-02,19,chat,
macron,2017-05-03,32,chat,
macron,2017-05-04,64,chat,
macron,2017-05-05,41,chat,
macron,2017-05-06,38,chat,
macron,2017-05-07,62,chat,
macron,2017-05-08,100,chat,
macron,2017-05-09,76,chat,
macron,2017-05-10,50,chat,
macron,2017-05-11,33,chat,
macron,2017-05-12,27,chat,
macron,2017-05-13,29,chat,
macron,2017-05-14,51,chat,
macron,2017-05-15,31,chat,
macron,2017-05-16,24,chat,
macron,2017-05-17,20,chat,
macron,2017-05-18,18,chat,
macron,2017-05-19,19,chat,
macron,2017-05-20,19,chat,
macron,2017-05-21,15,chat,
macron,2017-05-22,9,chat,
macron,2017-05-23,9,chat,
macron,2017-05-24,7,chat,
macron,2017-05-25,14,chat,
macron,2017-05-26,19,chat,
macron,2017-05-27,14,chat,
macron,2017-05-28,13,chat,
macron,2017-05-29,16,chat,
macron,2017-05-30,14,chat,
macron,2017-05-31,10,chat,
macron,2017-06-01,8,chat,
macron,2017-06-02,21,chat,
macron,2017-06-03,14,chat,
macron,2017-06-04,11,chat,
macron,2017-06-05,10,chat,
macron,2017-06-06,6,chat,
macron,2017-06-07,7,chat,
macron,2017-06-08,6,chat,
macron,2017-06-09,8,chat,
macron,2017-06-10,7,chat,
macron,2017-06-11,7,chat,
macron,2017-06-12,6,chat,
macron,2017-06-13,8,chat,
macron,2017-06-14,7,chat,
macron,2017-06-15,9,chat,
macron,2017-06-16,8,chat,
macron,2017-06-17,8,chat,
macron,2017-06-18,8,chat,
macron,2017-06-19,5,chat,
macron,2017-06-20,6,chat,
macron,2017-06-21,4,chat,
macron,2017-06-22,5,chat,
macron,2017-06-23,6,chat,
macron,2017-06-24,8,chat,
macron,2017-06-25,8,chat,
macron,2017-06-26,6,chat,
macron,2017-06-27,5,chat,
macron,2017-06-28,6,chat,
macron,2017-06-29,6,chat,
macron,2017-06-30,7,chat,
macron,2017-07-01,5,chat,
fillon,2016-11-01,0.23750000000000002,lapin,
fillon,2016-11-02,0.47500000000000003,lapin,
fillon,2016-11-03,0.23750000000000002,lapin,
fillon,2016-11-04,0.23750000000000002,lapin,
fillon,2016-11-05,0.23750000000000002,lapin,
fillon,2016-11-06,0.23750000000000002,lapin,
fillon,2016-11-07,0.23750000000000002,lapin,
fillon,2016-11-08,0.23750000000000002,lapin,
fillon,2016-11-09,0.47500000000000003,lapin,
fillon,2016-11-10,0.47500000000000003,lapin,
fillon,2016-11-11,0.47500000000000003,lapin,
fillon,2016-11-12,0.47500000000000003,lapin,
fillon,2016-11-13,0.47500000000000003,lapin,
fillon,2016-11-14,0.7125,lapin,
fillon,2016-11-15,0.9500000000000001,lapin,
fillon,2016-11-16,0.47500000000000003,lapin,
fillon,2016-11-17,0.7125,lapin,
fillon,2016-11-18,1.1875,lapin,
fillon,2016-11-19,1.6625,lapin,
fillon,2016-11-20,3.325,lapin,
fillon,2016-11-21,7.8375,lapin,
fillon,2016-11-22,5.2250000000000005,lapin,
fillon,2016-11-23,3.8000000000000003,lapin,
fillon,2016-11-24,4.75,lapin,
fillon,2016-11-25,6.4125000000000005,lapin,
fillon,2016-11-26,5.2250000000000005,lapin,
fillon,2016-11-27,4.987500000000001,lapin,
fillon,2016-11-28,6.175000000000001,lapin,
fillon,2016-11-29,2.85,lapin,
fillon,2016-11-30,2.6125000000000003,lapin,
fillon,2016-12-01,1.6625,lapin,
fillon,2016-12-02,2.6125000000000003,lapin,
fillon,2016-12-03,1.425,lapin,
fillon,2016-12-04,1.9000000000000001,lapin,
fillon,2016-12-05,0.9500000000000001,lapin,
fillon,2016-12-06,1.1875,lapin,
fillon,2016-12-07,0.9500000000000001,lapin,
fillon,2016-12-08,1.1875,lapin,
fillon,2016-12-09,0.47500000000000003,lapin,
fillon,2016-12-10,0.9500000000000001,lapin,
fillon,2016-12-11,0.7125,lapin,
fillon,2016-12-12,0.47500000000000003,lapin,
fillon,2016-12-13,0.9500000000000001,lapin,
fillon,2016-12-14,0.7125,lapin,
fillon,2016-12-15,0.47500000000000003,lapin,
fillon,2016-12-16,0.47500000000000003,lapin,
fillon,2016-12-17,0.7125,lapin,
fillon,2016-12-18,0.47500000000000003,lapin,
fillon,2016-12-19,0.47500000000000003,lapin,
fillon,2016-12-20,0.47500000000000003,lapin,
fillon,2016-12-21,0.7125,lapin,
fillon,2016-12-22,0.47500000000000003,lapin,
fillon,2016-12-23,0.23750000000000002,lapin,
fillon,2016-12-24,0.23750000000000002,lapin,
fillon,2016-12-25,0.23750000000000002,lapin,
fillon,2016-12-26,0.23750000000000002,lapin,
fillon,2016-12-27,0.7125,lapin,
fillon,2016-12-28,0.47500000000000003,lapin,
fillon,2016-12-29,0.47500000000000003,lapin,
fillon,2016-12-30,0.23750000000000002,lapin,
fillon,2016-12-31,0.47500000000000003,lapin,
fillon,2017-01-01,0.47500000000000003,lapin,
fillon,2017-01-02,0.7125,lapin,
fillon,2017-01-03,0.7125,lapin,
fillon,2017-01-04,0.7125,lapin,
fillon,2017-01-05,0.7125,lapin,
fillon,2017-01-06,0.47500000000000003,lapin,
fillon,2017-01-07,0.7125,lapin,
fillon,2017-01-08,0.47500000000000003,lapin,
fillon,2017-01-09,0.9500000000000001,lapin,
fillon,2017-01-10,0.23750000000000002,lapin,
fillon,2017-01-11,0.9500000000000001,lapin,
fillon,2017-01-12,0.47500000000000003,lapin,
fillon,2017-01-13,0.47500000000000003,lapin,
fillon,2017-01-14,0.7125,lapin,
fillon,2017-01-15,0.47500000000000003,lapin,
fillon,2017-01-16,0.9500000000000001,lapin,
fillon,2017-01-17,0.47500000000000003,lapin,
fillon,2017-01-18,0.47500000000000003,lapin,
fillon,2017-01-19,0.47500000000000003,lapin,
fillon,2017-01-20,0.23750000000000002,lapin,
fillon,2017-01-21,0.47500000000000003,lapin,
fillon,2017-01-22,0.23750000000000002,lapin,
fillon,2017-01-23,0.7125,lapin,
fillon,2017-01-24,0.7125,lapin,
fillon,2017-01-25,0.9500000000000001,lapin,
fillon,2017-01-26,2.6125000000000003,lapin,
fillon,2017-01-27,3.325,lapin,
fillon,2017-01-28,3.325,lapin,
fillon,2017-01-29,2.6125000000000003,lapin,
fillon,2017-01-30,2.1375,lapin,
fillon,2017-01-31,2.6125000000000003,lapin,
fillon,2017-02-01,4.987500000000001,lapin,
fillon,2017-02-02,6.4125000000000005,lapin,
fillon,2017-02-03,6.4125000000000005,lapin,
fillon,2017-02-04,4.275,lapin,
fillon,2017-02-05,4.275,lapin,
fillon,2017-02-06,9.5,lapin,
fillon,2017-02-07,5.2250000000000005,lapin,
fillon,2017-02-08,4.75,lapin,
fillon,2017-02-09,3.5625,lapin,
fillon,2017-02-10,3.325,lapin,
fillon,2017-02-11,3.8000000000000003,lapin,
fillon,2017-02-12,2.85,lapin,
fillon,2017-02-13,2.1375,lapin,
fillon,2017-02-14,1.425,lapin,
fillon,2017-02-15,2.1375,lapin,
fillon,2017-02-16,1.6625,lapin,
fillon,2017-02-17,2.1375,lapin,
fillon,2017-02-18,1.9000000000000001,lapin,
fillon,2017-02-19,1.6625,lapin,
fillon,2017-02-20,1.1875,lapin,
fillon,2017-02-21,1.425,lapin,
fillon,2017-02-22,1.1875,lapin,
fillon,2017-02-23,0.7125,lapin,
fillon,2017-02-24,1.1875,lapin,
fillon,2017-02-25,0.9500000000000001,lapin,
fillon,2017-02-26,1.425,lapin,
fillon,2017-02-27,1.1875,lapin,
fillon,2017-02-28,0.7125,lapin,
fillon,2017-03-01,4.275,lapin,
fillon,2017-03-02,3.8000000000000003,lapin,
fillon,2017-03-03,2.85,lapin,
fillon,2017-03-04,4.5125,lapin,
fillon,2017-03-05,6.175000000000001,lapin,
fillon,2017-03-06,5.2250000000000005,lapin,
fillon,2017-03-07,3.5625,lapin,
fillon,2017-03-08,2.375,lapin,
fillon,2017-03-09,2.375,lapin,
fillon,2017-03-10,2.375,lapin,
fillon,2017-03-11,2.1375,lapin,
fillon,2017-03-12,1.9000000000000001,lapin,
fillon,2017-03-13,1.9000000000000001,lapin,
fillon,2017-03-14,2.1375,lapin,
fillon,2017-03-15,2.1375,lapin,
fillon,2017-03-16,2.1375,lapin,
fillon,2017-03-17,2.1375,lapin,
fillon,2017-03-18,1.9000000000000001,lapin,
fillon,2017-03-19,2.1375,lapin,
fillon,2017-03-20,1.425,lapin,
fillon,2017-03-21,3.325,lapin,
fillon,2017-03-22,2.6125000000000003,lapin,
fillon,2017-03-23,4.5125,lapin,
fillon,2017-03-24,23.75,lapin,
fillon,2017-03-25,10.450000000000001,lapin,
fillon,2017-03-26,6.65,lapin,
fillon,2017-03-27,5.2250000000000005,lapin,
fillon,2017-03-28,3.5625,lapin,
fillon,2017-03-29,3.5625,lapin,
fillon,2017-03-30,2.375,lapin,
fillon,2017-03-31,3.325,lapin,
fillon,2017-04-01,3.0875000000000004,lapin,
fillon,2017-04-02,2.1375,lapin,
fillon,2017-04-03,3.5625,lapin,
fillon,2017-04-04,2.85,lapin,
fillon,2017-04-05,5.7,lapin,
fillon,2017-04-06,9.5,lapin,
fillon,2017-04-07,9.025,lapin,
fillon,2017-04-08,4.5125,lapin,
fillon,2017-04-09,3.5625,lapin,
fillon,2017-04-10,3.5625,lapin,
fillon,2017-04-11,5.2250000000000005,lapin,
fillon,2017-04-12,3.0875000000000004,lapin,
fillon,2017-04-13,4.0375000000000005,lapin,
fillon,2017-04-14,4.275,lapin,
fillon,2017-04-15,4.275,lapin,
fillon,2017-04-16,3.0875000000000004,lapin,
fillon,2017-04-17,3.5625,lapin,
fillon,2017-04-18,4.275,lapin,
fillon,2017-04-19,3.5625,lapin,
fillon,2017-04-20,4.987500000000001,lapin,
fillon,2017-04-21,6.4125000000000005,lapin,
fillon,2017-04-22,4.987500000000001,lapin,
fillon,2017-04-23,5.9375,lapin,
fillon,2017-04-24,4.987500000000001,lapin,
fillon,2017-04-25,3.325,lapin,
fillon,2017-04-26,1.9000000000000001,lapin,
fillon,2017-04-27,1.425,lapin,
fillon,2017-04-28,1.6625,lapin,
fillon,2017-04-29,1.425,lapin,
fillon,2017-04-30,1.1875,lapin,
fillon,2017-05-01,1.425,lapin,
fillon,2017-05-02,1.9000000000000001,lapin,
fillon,2017-05-03,0.9500000000000001,lapin,
fillon,2017-05-04,0.9500000000000001,lapin,
fillon,2017-05-05,1.425,lapin,
fillon,2017-05-06,0.9500000000000001,lapin,
fillon,2017-05-07,0.9500000000000001,lapin,
fillon,2017-05-08,1.1875,lapin,
fillon,2017-05-09,1.1875,lapin,
fillon,2017-05-10,0.7125,lapin,
fillon,2017-05-11,0.7125,lapin,
fillon,2017-05-12,0.7125,lapin,
fillon,2017-05-13,0.9500000000000001,lapin,
fillon,2017-05-14,1.1875,lapin,
fillon,2017-05-15,0.47500000000000003,lapin,
fillon,2017-05-16,0.7125,lapin,
fillon,2017-05-17,0.23750000000000002,lapin,
fillon,2017-05-18,0.7125,lapin,
fillon,2017-05-19,0.47500000000000003,lapin,
fillon,2017-05-20,0.47500000000000003,lapin,
fillon,2017-05-21,0.7125,lapin,
fillon,2017-05-22,0.7125,lapin,
fillon,2017-05-23,0.23750000000000002,lapin,
fillon,2017-05-24,0.47500000000000003,lapin,
fillon,2017-05-25,0.7125,lapin,
fillon,2017-05-26,0.47500000000000003,lapin,
fillon,2017-05-27,0.23750000000000002,lapin,
fillon,2017-05-28,0.47500000000000003,lapin,
fillon,2017-05-29,0.7125,lapin,
fillon,2017-05-30,0.23750000000000002,lapin,
fillon,2017-05-31,0.23750000000000002,lapin,
fillon,2017-06-01,0.23750000000000002,lapin,
fillon,2017-06-02,0.23750000000000002,lapin,
fillon,2017-06-03,0.9500000000000001,lapin,
fillon,2017-06-04,0.23750000000000002,lapin,
fillon,2017-06-05,0.47500000000000003,lapin,
fillon,2017-06-06,0.47500000000000003,lapin,
fillon,2017-06-07,0.23750000000000002,lapin,
fillon,2017-06-08,0.0,lapin,
fillon,2017-06-09,0.23750000000000002,lapin,
fillon,2017-06-10,0.23750000000000002,lapin,
fillon,2017-06-11,0.23750000000000002,lapin,
fillon,2017-06-12,0.23750000000000002,lapin,
fillon,2017-06-13,0.47500000000000003,lapin,
fillon,2017-06-14,0.47500000000000003,lapin,
fillon,2017-06-15,0.47500000000000003,lapin,
fillon,2017-06-16,0.47500000000000003,lapin,
fillon,2017-06-17,0.47500000000000003,lapin,
fillon,2017-06-18,0.23750000000000002,lapin,
fillon,2017-06-19,0.23750000000000002,lapin,
fillon,2017-06-20,0.23750000000000002,lapin,
fillon,2017-06-21,0.47500000000000003,lapin,
fillon,2017-06-22,0.23750000000000002,lapin,
fillon,2017-06-23,0.47500000000000003,lapin,
fillon,2017-06-24,0.23750000000000002,lapin,
fillon,2017-06-25,0.47500000000000003,lapin,
fillon,2017-06-26,0.23750000000000002,lapin,
fillon,2017-06-27,0.23750000000000002,lapin,
fillon,2017-06-28,0.23750000000000002,lapin,
fillon,2017-06-29,0.23750000000000002,lapin,
fillon,2017-06-30,0.0,lapin,
fillon,2017-07-01,0.23750000000000002,lapin,
hamon,2016-11-01,1.1375,renard,
hamon,2016-11-02,0.35,renard,
hamon,2016-11-03,0.35,renard,
hamon,2016-11-04,0.0,renard,
hamon,2016-11-05,0.0,renard,
hamon,2016-11-06,0.35,renard,
hamon,2016-11-07,0.0,renard,
hamon,2016-11-08,0.0,renard,
hamon,2016-11-09,0.0,renard,
hamon,2016-11-10,0.35,renard,
hamon,2016-11-11,0.0,renard,
hamon,2016-11-12,0.0,renard,
hamon,2016-11-13,0.35,renard,
hamon,2016-11-14,0.0,renard,
hamon,2016-11-15,0.0,renard,
hamon,2016-11-16,0.0,renard,
hamon,2016-11-17,0.35,renard,
hamon,2016-11-18,0.0,renard,
hamon,2016-11-19,0.0,renard,
hamon,2016-11-20,0.0,renard,
hamon,2016-11-21,0.525,renard,
hamon,2016-11-22,0.35,renard,
hamon,2016-11-23,0.35,renard,
hamon,2016-11-24,0.0,renard,
hamon,2016-11-25,0.35,renard,
hamon,2016-11-26,0.35,renard,
hamon,2016-11-27,0.35,renard,
hamon,2016-11-28,0.0,renard,
hamon,2016-11-29,0.35,renard,
hamon,2016-11-30,0.35,renard,
hamon,2016-12-01,0.0,renard,
hamon,2016-12-02,0.35,renard,
hamon,2016-12-03,0.35,renard,
hamon,2016-12-04,0.0,renard,
hamon,2016-12-05,0.0,renard,
hamon,2016-12-06,0.35,renard,
hamon,2016-12-07,0.6125,renard,
hamon,2016-12-08,0.35,renard,
hamon,2016-12-09,1.575,renard,
hamon,2016-12-10,0.6125,renard,
hamon,2016-12-11,0.525,renard,
hamon,2016-12-12,0.35,renard,
hamon,2016-12-13,0.525,renard,
hamon,2016-12-14,0.525,renard,
hamon,2016-12-15,0.35,renard,
hamon,2016-12-16,0.35,renard,
hamon,2016-12-17,0.6125,renard,
hamon,2016-12-18,0.35,renard,
hamon,2016-12-19,0.875,renard,
hamon,2016-12-20,0.4375,renard,
hamon,2016-12-21,0.0,renard,
hamon,2016-12-22,0.0,renard,
hamon,2016-12-23,0.35,renard,
hamon,2016-12-24,0.0,renard,
hamon,2016-12-25,0.4375,renard,
hamon,2016-12-26,0.35,renard,
hamon,2016-12-27,0.35,renard,
hamon,2016-12-28,0.35,renard,
hamon,2016-12-29,0.35,renard,
hamon,2016-12-30,0.35,renard,
hamon,2016-12-31,0.4375,renard,
hamon,2017-01-01,0.0,renard,
hamon,2017-01-02,0.6125,renard,
hamon,2017-01-03,0.4375,renard,
hamon,2017-01-04,0.6125,renard,
hamon,2017-01-05,0.7875,renard,
hamon,2017-01-06,1.4875,renard,
hamon,2017-01-07,0.6125,renard,
hamon,2017-01-08,0.4375,renard,
hamon,2017-01-09,0.6125,renard,
hamon,2017-01-10,0.525,renard,
hamon,2017-01-11,0.6125,renard,
hamon,2017-01-12,0.9625,renard,
hamon,2017-01-13,0.7,renard,
hamon,2017-01-14,0.4375,renard,
hamon,2017-01-15,0.7875,renard,
hamon,2017-01-16,1.05,renard,
hamon,2017-01-17,0.7875,renard,
hamon,2017-01-18,1.05,renard,
hamon,2017-01-19,0.9625,renard,
hamon,2017-01-20,1.05,renard,
hamon,2017-01-21,0.6125,renard,
hamon,2017-01-22,3.15,renard,
hamon,2017-01-23,5.6875,renard,
hamon,2017-01-24,3.325,renard,
hamon,2017-01-25,3.85,renard,
hamon,2017-01-26,8.75,renard,
hamon,2017-01-27,6.2124999999999995,renard,
hamon,2017-01-28,4.6375,renard,
hamon,2017-01-29,7.0,renard,
hamon,2017-01-30,6.0375,renard,
hamon,2017-01-31,3.0625,renard,
hamon,2017-02-01,2.5375,renard,
hamon,2017-02-02,2.45,renard,
hamon,2017-02-03,1.4875,renard,
hamon,2017-02-04,1.6625,renard,
hamon,2017-02-05,2.8875,renard,
hamon,2017-02-06,1.925,renard,
hamon,2017-02-07,1.4,renard,
hamon,2017-02-08,0.9625,renard,
hamon,2017-02-09,0.7875,renard,
hamon,2017-02-10,1.1375,renard,
hamon,2017-02-11,1.4,renard,
hamon,2017-02-12,1.4,renard,
hamon,2017-02-13,1.6625,renard,
hamon,2017-02-14,1.3125,renard,
hamon,2017-02-15,1.225,renard,
hamon,2017-02-16,1.1375,renard,
hamon,2017-02-17,0.9625,renard,
hamon,2017-02-18,1.1375,renard,
hamon,2017-02-19,0.9625,renard,
hamon,2017-02-20,0.525,renard,
hamon,2017-02-21,1.6625,renard,
hamon,2017-02-22,1.6625,renard,
hamon,2017-02-23,1.1375,renard,
hamon,2017-02-24,1.05,renard,
hamon,2017-02-25,1.1375,renard,
hamon,2017-02-26,1.05,renard,
hamon,2017-02-27,1.05,renard,
hamon,2017-02-28,1.4,renard,
hamon,2017-03-01,1.05,renard,
hamon,2017-03-02,1.1375,renard,
hamon,2017-03-03,0.9625,renard,
hamon,2017-03-04,1.05,renard,
hamon,2017-03-05,3.15,renard,
hamon,2017-03-06,1.4,renard,
hamon,2017-03-07,1.3125,renard,
hamon,2017-03-08,1.3125,renard,
hamon,2017-03-09,1.4,renard,
hamon,2017-03-10,4.7250000000000005,renard,
hamon,2017-03-11,2.45,renard,
hamon,2017-03-12,1.225,renard,
hamon,2017-03-13,1.4875,renard,
hamon,2017-03-14,1.1375,renard,
hamon,2017-03-15,1.4,renard,
hamon,2017-03-16,1.4875,renard,
hamon,2017-03-17,1.3125,renard,
hamon,2017-03-18,1.4,renard,
hamon,2017-03-19,4.9,renard,
hamon,2017-03-20,3.85,renard,
hamon,2017-03-21,1.8375,renard,
hamon,2017-03-22,3.0625,renard,
hamon,2017-03-23,2.0124999999999997,renard,
hamon,2017-03-24,1.3125,renard,
hamon,2017-03-25,0.9625,renard,
hamon,2017-03-26,2.8,renard,
hamon,2017-03-27,2.0124999999999997,renard,
hamon,2017-03-28,1.75,renard,
hamon,2017-03-29,2.5375,renard,
hamon,2017-03-30,2.45,renard,
hamon,2017-03-31,2.1,renard,
hamon,2017-04-01,2.1875,renard,
hamon,2017-04-02,1.75,renard,
hamon,2017-04-03,1.4,renard,
hamon,2017-04-04,1.575,renard,
hamon,2017-04-05,2.275,renard,
hamon,2017-04-06,2.625,renard,
hamon,2017-04-07,1.575,renard,
hamon,2017-04-08,2.3625000000000003,renard,
hamon,2017-04-09,3.5875,renard,
hamon,2017-04-10,3.0625,renard,
hamon,2017-04-11,2.8,renard,
hamon,2017-04-12,2.8,renard,
hamon,2017-04-13,2.5375,renard,
hamon,2017-04-14,2.275,renard,
hamon,2017-04-15,2.625,renard,
hamon,2017-04-16,2.275,renard,
hamon,2017-04-17,2.8,renard,
hamon,2017-04-18,3.325,renard,
hamon,2017-04-19,3.9375,renard,
hamon,2017-04-20,3.2375000000000003,renard,
hamon,2017-04-21,4.375,renard,
hamon,2017-04-22,7.2625,renard,
hamon,2017-04-23,3.9375,renard,
hamon,2017-04-24,2.45,renard,
hamon,2017-04-25,1.4,renard,
hamon,2017-04-26,1.75,renard,
hamon,2017-04-27,0.525,renard,
hamon,2017-04-28,2.3625000000000003,renard,
hamon,2017-04-29,1.575,renard,
hamon,2017-04-30,0.6125,renard,
hamon,2017-05-01,1.3125,renard,
hamon,2017-05-02,0.35,renard,
hamon,2017-05-03,0.4375,renard,
hamon,2017-05-04,0.525,renard,
hamon,2017-05-05,0.7,renard,
hamon,2017-05-06,0.35,renard,
hamon,2017-05-07,1.1375,renard,
hamon,2017-05-08,0.7,renard,
hamon,2017-05-09,0.6125,renard,
hamon,2017-05-10,1.3125,renard,
hamon,2017-05-11,0.9625,renard,
hamon,2017-05-12,0.9625,renard,
hamon,2017-05-13,0.7,renard,
hamon,2017-05-14,0.525,renard,
hamon,2017-05-15,0.6125,renard,
hamon,2017-05-16,0.6125,renard,
hamon,2017-05-17,0.7,renard,
hamon,2017-05-18,0.7,renard,
hamon,2017-05-19,1.05,renard,
hamon,2017-05-20,0.7,renard,
hamon,2017-05-21,0.4375,renard,
hamon,2017-05-22,1.4,renard,
hamon,2017-05-23,0.0,renard,
hamon,2017-05-24,1.1375,renard,
hamon,2017-05-25,0.4375,renard,
hamon,2017-05-26,0.7875,renard,
hamon,2017-05-27,0.0,renard,
hamon,2017-05-28,0.0,renard,
hamon,2017-05-29,0.525,renard,
hamon,2017-05-30,0.35,renard,
hamon,2017-05-31,0.6125,renard,
hamon,2017-06-01,0.35,renard,
hamon,2017-06-02,0.35,renard,
hamon,2017-06-03,0.35,renard,
hamon,2017-06-04,0.4375,renard,
hamon,2017-06-05,0.0,renard,
hamon,2017-06-06,0.35,renard,
hamon,2017-06-07,0.0,renard,
hamon,2017-06-08,0.0,renard,
hamon,2017-06-09,0.35,renard,
hamon,2017-06-10,0.4375,renard,
hamon,2017-06-11,0.0,renard,
hamon,2017-06-12,0.35,renard,
hamon,2017-06-13,0.7,renard,
hamon,2017-06-14,1.4,renard,
hamon,2017-06-15,1.05,renard,
hamon,2017-06-16,0.6125,renard,
hamon,2017-06-17,0.6125,renard,
hamon,2017-06-18,0.6125,renard,
hamon,2017-06-19,0.525,renard,
hamon,2017-06-20,0.35,renard,
hamon,2017-06-21,0.525,renard,
hamon,2017-06-22,0.0,renard,
hamon,2017-06-23,0.35,renard,
hamon,2017-06-24,0.0,renard,
hamon,2017-06-25,0.4375,renard,
hamon,2017-06-26,0.7875,renard,
hamon,2017-06-27,0.35,renard,
hamon,2017-06-28,0.35,renard,
hamon,2017-06-29,0.0,renard,
hamon,2017-06-30,0.35,renard,
hamon,2017-07-01,1.575,renard,
